분짜라붐 수원영통점,무관,"월급 2,500,000원","서빙, 주방장·조리사, 매장관리·판매, ","경기 수원시 영통구 청명남로 25 (영통동) 103,207호",http://www.albamon.com/list/gi/mon_gib_read.asp?AL_GI_No=60201143&mj_stat=0&optgf=
㈜ H . K 컴 퍼 니,무관,"월급 2,500,000원","제조·가공·조립, 생산·건설·노무 기타, ",경기 수원시 권선구 덕영대로 1093 (세류동) 가림빌딩 902호,http://www.albamon.com/list/gi/mon_gib_read.asp?AL_GI_No=60259485&mj_stat=0&optgf=
HS (한산),여자,"월급 3,500,000원","바(bar), ","경기 화성시 동탄중심상가1길 31 (반송동, 광장타워) 404-1호",http://www.albamon.com/list/gi/mon_gib_read.asp?AL_GI_No=60243476&mj_stat=0&optgf=
영통 칸지고고,무관,"월급 2,300,000원","레스토랑, 서빙, ",경기 수원시 영통구 영통동 958-3 번지 하우스토리 101호,http://www.albamon.com/list/gi/mon_gib_read.asp?AL_GI_No=60232426&mj_stat=0&optgf=
TONY PC,무관,"시급 7,530원","PC방, ","경기 수원시 영통구 청명로 7 (영통동, 청명타운텔) 지하1층 TONY PC",http://www.albamon.com/list/gi/mon_gib_read.asp?AL_GI_No=60163527&mj_stat=0&optgf=
휴먼스토리㈜,무관,"시급 9,800원","일반음식점, 주방장·조리사, 급식·푸드시스템, ",경기도 화성시 반월동,http://www.albamon.com/list/gi/mon_gib_read.asp?AL_GI_No=60279812&mj_stat=0&optgf=
분짜라붐 수원영통점,무관,"월급 2,500,000원","서빙, 주방장·조리사, 매장관리·판매, ","경기 수원시 영통구 청명남로 25 (영통동) 103,207호",http://www.albamon.com/list/gi/mon_gib_read.asp?AL_GI_No=60201143&mj_stat=0&optgf=
㈜ H . K 컴 퍼 니,무관,"월급 2,500,000원","제조·가공·조립, 생산·건설·노무 기타, ",경기 수원시 권선구 덕영대로 1093 (세류동) 가림빌딩 902호,http://www.albamon.com/list/gi/mon_gib_read.asp?AL_GI_No=60259485&mj_stat=0&optgf=
HS (한산),여자,"월급 3,500,000원","바(bar), ","경기 화성시 동탄중심상가1길 31 (반송동, 광장타워) 404-1호",http://www.albamon.com/list/gi/mon_gib_read.asp?AL_GI_No=60243476&mj_stat=0&optgf=
영통 칸지고고,무관,"월급 2,300,000원","레스토랑, 서빙, ",경기 수원시 영통구 영통동 958-3 번지 하우스토리 101호,http://www.albamon.com/list/gi/mon_gib_read.asp?AL_GI_No=60232426&mj_stat=0&optgf=
TONY PC,무관,"시급 7,530원","PC방, ","경기 수원시 영통구 청명로 7 (영통동, 청명타운텔) 지하1층 TONY PC",http://www.albamon.com/list/gi/mon_gib_read.asp?AL_GI_No=60163527&mj_stat=0&optgf=
휴먼스토리㈜,무관,"시급 9,800원","일반음식점, 주방장·조리사, 급식·푸드시스템, ",경기도 화성시 반월동,http://www.albamon.com/list/gi/mon_gib_read.asp?AL_GI_No=60279812&mj_stat=0&optgf=
엠코드학원,무관,"시급 9,000원","입시·보습학원, 보조교사, ",경기 수원시 영통구 영통동 609호-614호,http://www.albamon.com/list/gi/mon_gib_read.asp?AL_GI_No=60246733&mj_stat=0&optgf=
스킨앤바디케어,여자,"월급 3,500,000원","피부관리·마사지, 서비스 기타, 피트니스·스포츠, ",경기 수원시 영통구 영통동 1009-6 매직프라자,http://www.albamon.com/list/gi/mon_gib_read.asp?AL_GI_No=60290170&mj_stat=0&optgf=
못된고양이 영통역점,여자,"월급 2,000,000원","의류·잡화매장, 유통·판매 기타, ","경기 수원시 영통구 청명남로34번길 3 (영통동, 플래티넘빌딩) 106호",http://www.albamon.com/list/gi/mon_gib_read.asp?AL_GI_No=60265901&mj_stat=0&optgf=
큐브,여자,"월급 5,000,000원","바(bar), ","경기 수원시 영통구 매탄로100번길 29 (매탄동, 국제프라자) 6층 601호",http://www.albamon.com/list/gi/mon_gib_read.asp?AL_GI_No=60237798&mj_stat=0&optgf=
맘스터치 신영통점,무관,"시급 7,900원","패스트푸드점, 캐셔·카운터, 주방장·조리사, ","경기 수원시 영통구 영통로 136 (망포동, 센트럴타워) 107호",http://www.albamon.com/list/gi/mon_gib_read.asp?AL_GI_No=60280089&mj_stat=0&optgf=
㈜에이스컴퍼니,무관,"월급 2,800,000원","제조·가공·조립, 포장·품질검사, 생산·건설·노무 기타, ","경기 수원시 영통구 덕영대로 1520 (영통동, 망포역) 5번출구 도보 2분거리",http://www.albamon.com/list/gi/mon_gib_read.asp?AL_GI_No=60280040&mj_stat=0&optgf=
더스타,여자,"월급 4,500,000원","바(bar), ","경기 수원시 영통구 청명남로 30 (영통동, 거성빌딩) 602호 더스타",http://www.albamon.com/list/gi/mon_gib_read.asp?AL_GI_No=60278738&mj_stat=0&optgf=
헤어다이아,무관,"월급 2,200,000원","헤어·미용·네일샵, 매장관리·판매, 캐셔·카운터, ",경기 수원시 영통구 영통동 959-4 다모아프라자 2층 헤어다이아,http://www.albamon.com/list/gi/mon_gib_read.asp?AL_GI_No=60278525&mj_stat=0&optgf=
롯데홈쇼핑(월500만원/초보가능),무관,"월급 5,000,000원","택배·퀵서비스, 제조·가공·조립, 대리운전·일반운전, ",경기도 수원시 영통구 근무자 거주지 인근배치,http://www.albamon.com/list/gi/mon_gib_read.asp?AL_GI_No=60267243&mj_stat=0&optgf=
BAR-NANA,여자,"시급 30,000원","바(bar), ",경기 화성시 역골로49번길 13-1 (남양리) 102호 BAR NANA,http://www.albamon.com/list/gi/mon_gib_read.asp?AL_GI_No=60258151&mj_stat=0&optgf=
월190만원/삼성전자프로젝트/영어사용가능자,무관,"월급 1,900,000원","외국어·어학원, 문서작성·자료조사, 사무보조, ","경기 수원시 영통구 덕영대로1556번길 16 (영통동, 디지털엠파이어빌딩) 삼성전자 PJT",http://www.albamon.com/list/gi/mon_gib_read.asp?AL_GI_No=60139585&mj_stat=0&optgf=
연안식당 영통역점,무관,"월급 2,200,000원","일반음식점, 서빙, 주방보조·설거지, ","경기 수원시 영통구 봉영로 1590 (영통동, 밀레니엄프라자) 119호",http://www.albamon.com/list/gi/mon_gib_read.asp?AL_GI_No=60268568&mj_stat=0&optgf=
아제커뮤니케이션,여자,"일급 100,000원","유통점·마트, 판촉도우미, ","경기 수원시 영통구 봉영로 1576 (영통동, 영통홈플러스) 홈플러스 가전매장",http://www.albamon.com/list/gi/mon_gib_read.asp?AL_GI_No=60267132&mj_stat=0&optgf=
크린서비스,무관,"월급 2,000,000원","보안·경비·경호, ","경기 수원시 영통구 봉영로 1620 (영통동, 대우월드마크영통)",http://www.albamon.com/list/gi/mon_gib_read.asp?AL_GI_No=60266511&mj_stat=0&optgf=
㈜리스펙에스씨,무관,"월급 1,830,000원","매장관리·판매, 의류·잡화매장, ","경기 수원시 영통구 봉영로 1617 (영통동, 훼미리타워) 958-2   1층STCO",http://www.albamon.com/list/gi/mon_gib_read.asp?AL_GI_No=60259920&mj_stat=0&optgf=
커피빈코리아(본사정규직),무관,"월급 1,430,000원","커피전문점, 바리스타, 베이커리·도넛·떡, ","경기 수원시 영통구 봉영로 1560 (영통동, 영통역) / 거주지인근 커피빈코리아 매장 발령[수도권 전역 매장]",http://www.albamon.com/list/gi/mon_gib_read.asp?AL_GI_No=60254956&mj_stat=0&optgf=
뷰 (모던bar),여자,"월급 3,200,000원","바(bar), ","경기 수원시 영통구 청명남로 32 (영통동, 월드프라자)401호 뷰",http://www.albamon.com/list/gi/mon_gib_read.asp?AL_GI_No=60237018&mj_stat=0&optgf=
큐브,여자,"월급 5,000,000원","바(bar), ","경기 수원시 영통구 매탄로100번길 29 (매탄동, 국제프라자) 6층 601호",http://www.albamon.com/list/gi/mon_gib_read.asp?AL_GI_No=60147409&mj_stat=0&optgf=
애슐리 수원망포점,무관,"시급 7,530원","패밀리레스토랑, 레스토랑, ",경기 수원시 영통구 덕영대로 1566 (영통동) 2층 애슐리,http://www.albamon.com/list/gi/mon_gib_read.asp?AL_GI_No=60279246&mj_stat=0&optgf=
애슐리 수원망포점,무관,"시급 7,530원","패밀리레스토랑, 레스토랑, ",경기 수원시 영통구 덕영대로 1566 (영통동) 2층 애슐리,http://www.albamon.com/list/gi/mon_gib_read.asp?AL_GI_No=60194479&mj_stat=0&optgf=
디에스,여자,"월급 5,000,000원","바(bar), ",경기 화성시 진안동 874-7 4층,http://www.albamon.com/list/gi/mon_gib_read.asp?AL_GI_No=60292677&mj_stat=0&optgf=
분짜라붐 수원영통점,무관,"월급 2,500,000원","서빙, 주방장·조리사, 매장관리·판매, ","경기 수원시 영통구 청명남로 25 (영통동) 103,207호",http://www.albamon.com/list/gi/mon_gib_read.asp?AL_GI_No=60201143&mj_stat=0&optgf=
㈜ H . K 컴 퍼 니,무관,"월급 2,500,000원","제조·가공·조립, 생산·건설·노무 기타, ",경기 수원시 권선구 덕영대로 1093 (세류동) 가림빌딩 902호,http://www.albamon.com/list/gi/mon_gib_read.asp?AL_GI_No=60259485&mj_stat=0&optgf=
HS (한산),여자,"월급 3,500,000원","바(bar), ","경기 화성시 동탄중심상가1길 31 (반송동, 광장타워) 404-1호",http://www.albamon.com/list/gi/mon_gib_read.asp?AL_GI_No=60243476&mj_stat=0&optgf=
영통 칸지고고,무관,"월급 2,300,000원","레스토랑, 서빙, ",경기 수원시 영통구 영통동 958-3 번지 하우스토리 101호,http://www.albamon.com/list/gi/mon_gib_read.asp?AL_GI_No=60232426&mj_stat=0&optgf=
TONY PC,무관,"시급 7,530원","PC방, ","경기 수원시 영통구 청명로 7 (영통동, 청명타운텔) 지하1층 TONY PC",http://www.albamon.com/list/gi/mon_gib_read.asp?AL_GI_No=60163527&mj_stat=0&optgf=
휴먼스토리㈜,무관,"시급 9,800원","일반음식점, 주방장·조리사, 급식·푸드시스템, ",경기도 화성시 반월동,http://www.albamon.com/list/gi/mon_gib_read.asp?AL_GI_No=60279812&mj_stat=0&optgf=
엠코드학원,무관,"시급 9,000원","입시·보습학원, 보조교사, ",경기 수원시 영통구 영통동 609호-614호,http://www.albamon.com/list/gi/mon_gib_read.asp?AL_GI_No=60246733&mj_stat=0&optgf=
스킨앤바디케어,여자,"월급 3,500,000원","피부관리·마사지, 서비스 기타, 피트니스·스포츠, ",경기 수원시 영통구 영통동 1009-6 매직프라자,http://www.albamon.com/list/gi/mon_gib_read.asp?AL_GI_No=60290170&mj_stat=0&optgf=
못된고양이 영통역점,여자,"월급 2,000,000원","의류·잡화매장, 유통·판매 기타, ","경기 수원시 영통구 청명남로34번길 3 (영통동, 플래티넘빌딩) 106호",http://www.albamon.com/list/gi/mon_gib_read.asp?AL_GI_No=60265901&mj_stat=0&optgf=
큐브,여자,"월급 5,000,000원","바(bar), ","경기 수원시 영통구 매탄로100번길 29 (매탄동, 국제프라자) 6층 601호",http://www.albamon.com/list/gi/mon_gib_read.asp?AL_GI_No=60237798&mj_stat=0&optgf=
맘스터치 신영통점,무관,"시급 7,900원","패스트푸드점, 캐셔·카운터, 주방장·조리사, ","경기 수원시 영통구 영통로 136 (망포동, 센트럴타워) 107호",http://www.albamon.com/list/gi/mon_gib_read.asp?AL_GI_No=60280089&mj_stat=0&optgf=
㈜에이스컴퍼니,무관,"월급 2,800,000원","제조·가공·조립, 포장·품질검사, 생산·건설·노무 기타, ","경기 수원시 영통구 덕영대로 1520 (영통동, 망포역) 5번출구 도보 2분거리",http://www.albamon.com/list/gi/mon_gib_read.asp?AL_GI_No=60280040&mj_stat=0&optgf=
더스타,여자,"월급 4,500,000원","바(bar), ","경기 수원시 영통구 청명남로 30 (영통동, 거성빌딩) 602호 더스타",http://www.albamon.com/list/gi/mon_gib_read.asp?AL_GI_No=60278738&mj_stat=0&optgf=
헤어다이아,무관,"월급 2,200,000원","헤어·미용·네일샵, 매장관리·판매, 캐셔·카운터, ",경기 수원시 영통구 영통동 959-4 다모아프라자 2층 헤어다이아,http://www.albamon.com/list/gi/mon_gib_read.asp?AL_GI_No=60278525&mj_stat=0&optgf=
롯데홈쇼핑(월500만원/초보가능),무관,"월급 5,000,000원","택배·퀵서비스, 제조·가공·조립, 대리운전·일반운전, ",경기도 수원시 영통구 근무자 거주지 인근배치,http://www.albamon.com/list/gi/mon_gib_read.asp?AL_GI_No=60267243&mj_stat=0&optgf=
BAR-NANA,여자,"시급 30,000원","바(bar), ",경기 화성시 역골로49번길 13-1 (남양리) 102호 BAR NANA,http://www.albamon.com/list/gi/mon_gib_read.asp?AL_GI_No=60258151&mj_stat=0&optgf=
월190만원/삼성전자프로젝트/영어사용가능자,무관,"월급 1,900,000원","외국어·어학원, 문서작성·자료조사, 사무보조, ","경기 수원시 영통구 덕영대로1556번길 16 (영통동, 디지털엠파이어빌딩) 삼성전자 PJT",http://www.albamon.com/list/gi/mon_gib_read.asp?AL_GI_No=60139585&mj_stat=0&optgf=
연안식당 영통역점,무관,"월급 2,200,000원","일반음식점, 서빙, 주방보조·설거지, ","경기 수원시 영통구 봉영로 1590 (영통동, 밀레니엄프라자) 119호",http://www.albamon.com/list/gi/mon_gib_read.asp?AL_GI_No=60268568&mj_stat=0&optgf=
아제커뮤니케이션,여자,"일급 100,000원","유통점·마트, 판촉도우미, ","경기 수원시 영통구 봉영로 1576 (영통동, 영통홈플러스) 홈플러스 가전매장",http://www.albamon.com/list/gi/mon_gib_read.asp?AL_GI_No=60267132&mj_stat=0&optgf=
크린서비스,무관,"월급 2,000,000원","보안·경비·경호, ","경기 수원시 영통구 봉영로 1620 (영통동, 대우월드마크영통)",http://www.albamon.com/list/gi/mon_gib_read.asp?AL_GI_No=60266511&mj_stat=0&optgf=
㈜리스펙에스씨,무관,"월급 1,830,000원","매장관리·판매, 의류·잡화매장, ","경기 수원시 영통구 봉영로 1617 (영통동, 훼미리타워) 958-2   1층STCO",http://www.albamon.com/list/gi/mon_gib_read.asp?AL_GI_No=60259920&mj_stat=0&optgf=
커피빈코리아(본사정규직),무관,"월급 1,430,000원","커피전문점, 바리스타, 베이커리·도넛·떡, ","경기 수원시 영통구 봉영로 1560 (영통동, 영통역) / 거주지인근 커피빈코리아 매장 발령[수도권 전역 매장]",http://www.albamon.com/list/gi/mon_gib_read.asp?AL_GI_No=60254956&mj_stat=0&optgf=
뷰 (모던bar),여자,"월급 3,200,000원","바(bar), ","경기 수원시 영통구 청명남로 32 (영통동, 월드프라자)401호 뷰",http://www.albamon.com/list/gi/mon_gib_read.asp?AL_GI_No=60237018&mj_stat=0&optgf=
큐브,여자,"월급 5,000,000원","바(bar), ","경기 수원시 영통구 매탄로100번길 29 (매탄동, 국제프라자) 6층 601호",http://www.albamon.com/list/gi/mon_gib_read.asp?AL_GI_No=60147409&mj_stat=0&optgf=
애슐리 수원망포점,무관,"시급 7,530원","패밀리레스토랑, 레스토랑, ",경기 수원시 영통구 덕영대로 1566 (영통동) 2층 애슐리,http://www.albamon.com/list/gi/mon_gib_read.asp?AL_GI_No=60279246&mj_stat=0&optgf=
애슐리 수원망포점,무관,"시급 7,530원","패밀리레스토랑, 레스토랑, ",경기 수원시 영통구 덕영대로 1566 (영통동) 2층 애슐리,http://www.albamon.com/list/gi/mon_gib_read.asp?AL_GI_No=60194479&mj_stat=0&optgf=
디에스,여자,"월급 5,000,000원","바(bar), ",경기 화성시 진안동 874-7 4층,http://www.albamon.com/list/gi/mon_gib_read.asp?AL_GI_No=60292677&mj_stat=0&optgf=
애슐리 수원망포점,무관,"시급 7,530원","패밀리레스토랑, ",경기 수원시 영통구 덕영대로 1566 (영통동) 판타지움 2층 애슐리,http://www.albamon.com/list/gi/mon_gib_read.asp?AL_GI_No=60226827&mj_stat=0&optgf=
자연별곡 망포점,무관,"시급 7,530원","레스토랑, 패밀리레스토랑, 서빙, ",경기 수원시 영통구 덕영대로 1566 (영통동) 더판타지움 2층 자연별곡,http://www.albamon.com/list/gi/mon_gib_read.asp?AL_GI_No=60286971&mj_stat=0&optgf=
이마트에브리데이,남자,"일급 85,000원","입출고·창고관리, 유통점·마트, ","경기 화성시 동탄대로시범길 134 (청계동, 시범반도유보라아이비파크4.0) 이마트에브리데이 동탄카림점",http://www.albamon.com/list/gi/mon_gib_read.asp?AL_GI_No=60286701&mj_stat=0&optgf=
뚜레쥬르 카페수원망포점,여자,"시급 7,530원","패밀리레스토랑, 베이커리·도넛·떡, 커피전문점, ","경기 수원시 영통구 태장로 73 (망포동, 정석 그린프라자) 정석그린프라자 1층",http://www.albamon.com/list/gi/mon_gib_read.asp?AL_GI_No=60203327&mj_stat=0&optgf=
비어홀,여자,"시급 8,500원","호프·일반주점, ",경기 수원시 영통구 영통로214번길 47 (영통동) 2층 비어홀,http://www.albamon.com/list/gi/mon_gib_read.asp?AL_GI_No=60285863&mj_stat=0&optgf=
주식회사 제이와이코리아,무관,"월급 2,400,000원","제조·가공·조립, 포장·품질검사, 입출고·창고관리, ",경기 용인시 기흥구 상갈동 246-6,http://www.albamon.com/list/gi/mon_gib_read.asp?AL_GI_No=60275649&mj_stat=0&optgf=
마크짐 휘트니스,무관,"월급 1,500,000원","매장관리·판매, ","경기 수원시 영통구 봉영로 1617 (영통동, 훼미리타워) 지하1층 마크짐휘트니스",http://www.albamon.com/list/gi/mon_gib_read.asp?AL_GI_No=60233442&mj_stat=0&optgf=
HS (한산),여자,"월급 3,500,000원","바(bar), ","경기 화성시 동탄중심상가1길 31 (반송동, 광장타워) 404-1호",http://www.albamon.com/list/gi/mon_gib_read.asp?AL_GI_No=60243467&mj_stat=0&optgf=
친절한 아이오스,무관,"일급 90,000원","입출고·창고관리, 상하차·소화물 분류, 택배·퀵서비스, ",경기 광주시 산수로 642-70 (신월리) CJ대한통운 광주 메가허브 터미널,http://www.albamon.com/list/gi/mon_gib_read.asp?AL_GI_No=60215762&mj_stat=0&optgf=
칠성포차수원영통점,무관,"시급 8,000원","호프·일반주점, 서빙, ","경기 수원시 영통구 청명남로 31 (영통동, 키라레스토아) 210,211호",http://www.albamon.com/list/gi/mon_gib_read.asp?AL_GI_No=60274799&mj_stat=0&optgf=
복지재단 기빙플러스 판매사원 채용/신입가능,무관,"월급 1,700,000원","유통점·마트, 매장관리·판매, 캐셔·카운터, ",경기도 수원시 영통구 영통동 1069,http://www.albamon.com/list/gi/mon_gib_read.asp?AL_GI_No=60232473&mj_stat=0&optgf=
교원 구몬,무관,"월급 2,500,000원","방문·학습지, 보조교사, 유아·유치원, ",경기 수원시 영통구 영통동 959-1 모던타운 6층 구몬학습,http://www.albamon.com/list/gi/mon_gib_read.asp?AL_GI_No=60086843&mj_stat=0&optgf=
미소곱창 세번째,무관,"월급 2,300,000원","일반음식점, 서빙, 주방장·조리사, ","경기 수원시 영통구 매영로 416 (영통동, 행림빌딩) 미소곱창 세번째",http://www.albamon.com/list/gi/mon_gib_read.asp?AL_GI_No=60274418&mj_stat=0&optgf=
VIPS 영통점 (주휴수당포함 9040원),무관,"시급 9,040원","패밀리레스토랑, 서빙, ",경기 수원시 영통구 망포동 27-1번지 빕스영통점,http://www.albamon.com/list/gi/mon_gib_read.asp?AL_GI_No=60273811&mj_stat=0&optgf=
VIPS 영통점 (주휴수당포함 9040원),무관,"시급 9,040원","패밀리레스토랑, 서빙, ",경기 수원시 영통구 망포동 27-1번지 빕스영통점,http://www.albamon.com/list/gi/mon_gib_read.asp?AL_GI_No=60273793&mj_stat=0&optgf=
VIPS 영통점 (주휴수당포함 9040원),무관,"시급 9,040원","패밀리레스토랑, 서빙, ",경기 수원시 영통구 망포동 27-1번지 빕스영통점,http://www.albamon.com/list/gi/mon_gib_read.asp?AL_GI_No=60273801&mj_stat=0&optgf=
VIPS 영통점 (주휴수당포함 9040원),무관,"시급 9,040원","패밀리레스토랑, 서빙, ",경기 수원시 영통구 망포동 27-1번지 빕스영통점,http://www.albamon.com/list/gi/mon_gib_read.asp?AL_GI_No=60273782&mj_stat=0&optgf=
노랑통닭,남자,"시급 12,000원","치킨·피자전문점, ",경기 수원시 영통구 망포동 386 110호,http://www.albamon.com/list/gi/mon_gib_read.asp?AL_GI_No=60272811&mj_stat=0&optgf=
하시,무관,"시급 8,500원","일반음식점, 호프·일반주점, 주방보조·설거지, ","경기 수원시 영통구 영통로214번길 41 (영통동, 토야 플라자) 1층 107호",http://www.albamon.com/list/gi/mon_gib_read.asp?AL_GI_No=60272086&mj_stat=0&optgf=
37도씨,남자,"월급 2,000,000원","바(bar), ",경기 수원시 팔달구 인계동 1031-3 혜연빌딩 2층,http://www.albamon.com/list/gi/mon_gib_read.asp?AL_GI_No=60271996&mj_stat=0&optgf=
커피볶는 남자들,무관,"시급 7,530원","커피전문점, ",경기 수원시 영통구 인계로 284 (매탄동) 1층 커피볶는 남자들,http://www.albamon.com/list/gi/mon_gib_read.asp?AL_GI_No=60271807&mj_stat=0&optgf=
펀비어킹,무관,"시급 8,000원","호프·일반주점, 일반음식점, ",경기 수원시 영통구 망포동 387,http://www.albamon.com/list/gi/mon_gib_read.asp?AL_GI_No=60271059&mj_stat=0&optgf=
에이블어학원,무관,"시급 7,530원","사무보조, 외국어·어학원, 비서, ",경기 수원시 영통구 영통동 979-2번지 늘푸른빌딩 8층 에이블 어학원,http://www.albamon.com/list/gi/mon_gib_read.asp?AL_GI_No=60270909&mj_stat=0&optgf=
도미노피자 영통점,무관,"시급 9,500원","배달, 패스트푸드점, 치킨·피자전문점, ",경기 수원시 영통구 영통동 1045-7,http://www.albamon.com/list/gi/mon_gib_read.asp?AL_GI_No=60270828&mj_stat=0&optgf=
골드,여자,"월급 5,000,000원","바(bar), ",경기 수원시 팔달구 권광로187번길 38,http://www.albamon.com/list/gi/mon_gib_read.asp?AL_GI_No=60270653&mj_stat=0&optgf=
해신,무관,"시급 8,000원","호프·일반주점, 서빙, 서비스 기타, ",경기 수원시 영통구 영통동 청명남로34번길 테라스가든상가 2층,http://www.albamon.com/list/gi/mon_gib_read.asp?AL_GI_No=60269062&mj_stat=0&optgf=
맘스터치 영통1호점,무관,"시급 7,530원","패스트푸드점, ","경기 수원시 영통구 덕영대로1555번길 13 (영통동, 세일빌딩) 1층 101호,102호",http://www.albamon.com/list/gi/mon_gib_read.asp?AL_GI_No=60268631&mj_stat=0&optgf=
치요 망포점,무관,"월급 2,700,000원","호프·일반주점, 서빙, 주방장·조리사, ","경기 수원시 영통구 영통로214번길 17 (영통동, ASK빌딩) 2층",http://www.albamon.com/list/gi/mon_gib_read.asp?AL_GI_No=60268057&mj_stat=0&optgf=
주식회사 희원,무관,"시급 13,000원","전단지배포, ","경기 성남시 분당구 성남대로 381 (정자동, 폴라리스빌딩) 304호",http://www.albamon.com/list/gi/mon_gib_read.asp?AL_GI_No=60267611&mj_stat=0&optgf=
이티아이티지교육그룹,무관,"연봉 26,000,000원","스터디룸·독서실·고시원, 사무보조, ",경기 수원시 영통구 반달로 105 (영통동) 영통플라자 3층,http://www.albamon.com/list/gi/mon_gib_read.asp?AL_GI_No=60267436&mj_stat=0&optgf=
테트리스 찜닭 흥덕점,무관,"시급 8,000원","일반음식점, ",경기 용인시 기흥구 영덕동 994-7. 103호,http://www.albamon.com/list/gi/mon_gib_read.asp?AL_GI_No=60266711&mj_stat=0&optgf=
S바디워크필라테스영통점,무관,"시급 9,000원","전단지배포, ","경기 수원시 영통구 반달로7번길 16 (영통동, e-폴리스) 706호",http://www.albamon.com/list/gi/mon_gib_read.asp?AL_GI_No=60266380&mj_stat=0&optgf=
어학원,무관,"시급 10,000원","외국어·어학원, ",경기 수원시 영통구 봉영로 1761 (영통동) 6층,http://www.albamon.com/list/gi/mon_gib_read.asp?AL_GI_No=60265936&mj_stat=0&optgf=
트리탑스과학전문학원,무관,"시급 16,000원","입시·보습학원, 교육·강사 기타, 보조교사, ",경기 수원시 영통구 영통동 998-6 아셈프라자 6층,http://www.albamon.com/list/gi/mon_gib_read.asp?AL_GI_No=60265783&mj_stat=0&optgf=
엘카스터디,여자,"시급 8,000원","외국어·어학원, 보조교사, 교육·강사 기타, ",경기 수원시 영통구 영통로 507 (영통동) 5층 엘카스터디,http://www.albamon.com/list/gi/mon_gib_read.asp?AL_GI_No=60265194&mj_stat=0&optgf=
아웃백 스테이크하우스 수원 영통점,무관,"시급 9,050원","패밀리레스토랑, ","경기 수원시 영통구 봉영로 1613 (영통동, 영통하우스토리) B1F 아웃백 스테이크 하우스 영통점",http://www.albamon.com/list/gi/mon_gib_read.asp?AL_GI_No=60263737&mj_stat=0&optgf=
카인드짐 망포점,무관,"월급 1,000,000원","피트니스·스포츠, 피트니스 트레이너, 예체능 강사, ","경기 수원시 영통구 영통로 136 (망포동, 센트럴타워) 4층 407호",http://www.albamon.com/list/gi/mon_gib_read.asp?AL_GI_No=60263055&mj_stat=0&optgf=
트렌드코리아,남자,"시급 8,000원","포장·품질검사, 쇼핑몰·소셜커머스·홈쇼핑, ",경기 수원시 영통구 망포동 5-27번지 썬테크노빌 건물1층 101호 트렌드코리아,http://www.albamon.com/list/gi/mon_gib_read.asp?AL_GI_No=60262239&mj_stat=0&optgf=
GS25,무관,"시급 7,530원","편의점, 매장관리·판매, ",영통구영통로513 gs25 황골주공점,http://www.albamon.com/list/gi/mon_gib_read.asp?AL_GI_No=60262149&mj_stat=0&optgf=
청년다방영통점,여자,"시급 8,000원","일반음식점, ","경기 수원시 영통구 봉영로 1590 (영통동, 밀레니엄 프라자) 104호",http://www.albamon.com/list/gi/mon_gib_read.asp?AL_GI_No=60262013&mj_stat=0&optgf=
천일문라이브러리,무관,"시급 7,530원","스터디룸·독서실·고시원, ","경기 수원시 영통구 반달로7번길 16 (영통동, e-폴리스) 7층",http://www.albamon.com/list/gi/mon_gib_read.asp?AL_GI_No=60261459&mj_stat=0&optgf=
정규직으로 일하는 다이소물류센터,남자,"월급 2,800,000원","입출고·창고관리, 포장·품질검사, ",경기 용인시 처인구 남사면 북리 608-23 용인 다이소 허브센터,http://www.albamon.com/list/gi/mon_gib_read.asp?AL_GI_No=60261081&mj_stat=0&optgf=
월450만원이상+투잡가능/유류비지원/자녀학자금지원,무관,"월급 5,000,000원","운송·이사, 대리운전·일반운전, 택배·퀵서비스, ",이마트몰 물류센터/지역점근무/ 인센티브제/장기근속수당/차량유지비지원/인근거주지및희망지역배정,http://www.albamon.com/list/gi/mon_gib_read.asp?AL_GI_No=60239663&mj_stat=0&optgf=
주식회사 인기명 수원망포점,무관,"연봉 24,000,000원","일반음식점, 서빙, 주방장·조리사, ",경기 수원시 영통구 영통동 978-4 1층 인기명,http://www.albamon.com/list/gi/mon_gib_read.asp?AL_GI_No=60260212&mj_stat=0&optgf=
탑플레이스 pc방,남자,"시급 8,500원","일반음식점, PC방, ","경기 수원시 영통구 청명남로 31 (영통동, 키라레스토아) 3층",http://www.albamon.com/list/gi/mon_gib_read.asp?AL_GI_No=60259382&mj_stat=0&optgf=
칠성포차수원영통점,무관,"시급 8,000원","호프·일반주점, 서빙, ","경기 수원시 영통구 청명남로 31 (영통동, 키라레스토아) 210,211호",http://www.albamon.com/list/gi/mon_gib_read.asp?AL_GI_No=60258735&mj_stat=0&optgf=
㈜가배2호,무관,"월급 1,700,000원","커피전문점, 바리스타, ",경기 수원시 영통구 영통동 416번저 삼성전자 R5 B타워 1층,http://www.albamon.com/list/gi/mon_gib_read.asp?AL_GI_No=60257957&mj_stat=0&optgf=
보드람치킨영통점,남자,"시급 7,600원","일반음식점, 서빙, 치킨·피자전문점, ",경기 수원시 영통구 영통동 975-13서린프라자 104호,http://www.albamon.com/list/gi/mon_gib_read.asp?AL_GI_No=60257558&mj_stat=0&optgf=
모두랑,무관,"시급 8,500원","일반음식점, 호프·일반주점, ",경기 수원시 영통구 영통로200번길 75 (영통동) 1층 모두랑호프,http://www.albamon.com/list/gi/mon_gib_read.asp?AL_GI_No=60257395&mj_stat=0&optgf=
하우저 물류센터,무관,"월급 5,000,000원","배달, 유통점·마트, 생산·건설·노무 기타, ",경기 수원시 영통구 영통동 하우저물류센터,http://www.albamon.com/list/gi/mon_gib_read.asp?AL_GI_No=60247447&mj_stat=0&optgf=
생활맥주망포점,무관,"시급 7,600원","일반음식점, 호프·일반주점, ","경기 수원시 영통구 영통로 195 (망포동, 골든스퀘어) 1층124호",http://www.albamon.com/list/gi/mon_gib_read.asp?AL_GI_No=60256166&mj_stat=0&optgf=
내일은토요일,여자,"시급 15,000원","호프·일반주점, ",경기 수원시 영통구 청명남로 46 (영통동) 3층,http://www.albamon.com/list/gi/mon_gib_read.asp?AL_GI_No=60256065&mj_stat=0&optgf=
카페오후엔,무관,"시급 7,600원","바리스타, 커피전문점, ",경기 수원시 영통구 영통동 958-1 드림피아 106호,http://www.albamon.com/list/gi/mon_gib_read.asp?AL_GI_No=60255945&mj_stat=0&optgf=
써브웨이 홈플러스영통점,무관,"시급 7,530원","패스트푸드점, ","경기 수원시 영통구 봉영로 1576 (영통동, 영통홈플러스) 홈플러스영통점 1층 써브웨이코너",http://www.albamon.com/list/gi/mon_gib_read.asp?AL_GI_No=60255909&mj_stat=0&optgf=
뚜레쥬르,무관,"시급 7,530원","베이커리·도넛·떡, 주방장·조리사, 매장관리·판매, ",경기 수원시 영통구 영통동 968 동보신명상가 108호,http://www.albamon.com/list/gi/mon_gib_read.asp?AL_GI_No=60255906&mj_stat=0&optgf=
이디야/황골마을점,무관,"월급 1,600,000원","커피전문점, ",경기 수원시 영통구 영통동 947-11,http://www.albamon.com/list/gi/mon_gib_read.asp?AL_GI_No=60255724&mj_stat=0&optgf=
친절한 아이오스,무관,"일급 90,000원","입출고·창고관리, 상하차·소화물 분류, 택배·퀵서비스, ",경기 광주시 산수로 642-70 (신월리) CJ대한통운 광주 메가허브 터미널,http://www.albamon.com/list/gi/mon_gib_read.asp?AL_GI_No=60215507&mj_stat=0&optgf=
모바일 인공지능 테스트업무/ 신입 /어렵지않습니다 ^^,무관,"월급 2,000,000원","인사·총무, 경리·회계보조, 사무보조, ","경기 수원시 영통구 봉영로 1670 (영통동, 청명역) 청명역",http://www.albamon.com/list/gi/mon_gib_read.asp?AL_GI_No=60241632&mj_stat=0&optgf=
마크짐휘트니스 영통역점,무관,"연봉 60,000,000원","피트니스 트레이너, ","경기 수원시 영통구 봉영로 1617 (영통동, 훼미리타워) 훼미리타워 지하1층 마크짐 휘트니스",http://www.albamon.com/list/gi/mon_gib_read.asp?AL_GI_No=60254961&mj_stat=0&optgf=
브리즈 피씨 까페 수원영통점,무관,"시급 9,036원","서비스 기타, 캐셔·카운터, PC방, ",경기 수원시 영통구 영통동 998-7 4층,http://www.albamon.com/list/gi/mon_gib_read.asp?AL_GI_No=60254551&mj_stat=0&optgf=
유바에,무관,"시급 8,300원","일반음식점, 호프·일반주점, 서빙, ",경기 수원시 영통구 영통동 998-8 키라레스토아 101호,http://www.albamon.com/list/gi/mon_gib_read.asp?AL_GI_No=60254346&mj_stat=0&optgf=
플젠,무관,"시급 8,000원","호프·일반주점, 일반음식점, 서빙, ",경기 수원시 영통구 영통동 975-11번지 1층,http://www.albamon.com/list/gi/mon_gib_read.asp?AL_GI_No=60253228&mj_stat=0&optgf=
자연별곡 망포점,무관,"시급 7,530원","패밀리레스토랑, ",경기 수원시 영통구 덕영대로 1566 (영통동) 더 판타지움 2층 자연별곡,http://www.albamon.com/list/gi/mon_gib_read.asp?AL_GI_No=60253930&mj_stat=0&optgf=
버거킹 수원영통점,무관,"시급 7,530원","패스트푸드점, 매장관리·판매, ","경기 수원시 영통구 봉영로 1623 (영통동, 드림피아빌딩) 드림피아빌딩 1층 버거킹",http://www.albamon.com/list/gi/mon_gib_read.asp?AL_GI_No=60253897&mj_stat=0&optgf=
헬로방방 키즈카페,여자,"시급 8,000원","매장관리·판매, 키즈카페, 커피전문점, ","경기 수원시 영통구 반달로 21 (영통동, 매직프라자) 701호",http://www.albamon.com/list/gi/mon_gib_read.asp?AL_GI_No=60253827&mj_stat=0&optgf=
스트릿츄러스 영통 홈플러스점,무관,"시급 7,530원","베이커리·도넛·떡, ","경기 수원시 영통구 봉영로 1576 (영통동, 영통홈플러스) 1층 스트릿츄러스",http://www.albamon.com/list/gi/mon_gib_read.asp?AL_GI_No=60253749&mj_stat=0&optgf=
TONY PC,무관,"시급 7,530원","PC방, ","경기 수원시 영통구 청명로 7 (영통동, 청명타운텔) 지하1층 TONY PC",http://www.albamon.com/list/gi/mon_gib_read.asp?AL_GI_No=60252862&mj_stat=0&optgf=
37도씨,남자,"월급 2,000,000원","바(bar), ",경기 수원시 팔달구 인계동 1031-3 혜연빌딩 2층,http://www.albamon.com/list/gi/mon_gib_read.asp?AL_GI_No=60252212&mj_stat=0&optgf=
3POP PC방,여자,"시급 7,700원","PC방, 캐셔·카운터, ",경기 수원시 영통구 영통동 976-18번지 5층,http://www.albamon.com/list/gi/mon_gib_read.asp?AL_GI_No=60252055&mj_stat=0&optgf=
마블짐,무관,"시급 7,530원","전단지배포, ","경기 수원시 영통구 봉영로1759번길 8-15 (영통동, 현명빌딩) 마블짐휘트니스 5층",http://www.albamon.com/list/gi/mon_gib_read.asp?AL_GI_No=60251122&mj_stat=0&optgf=
더제이필라테스,여자,"시급 7,600원","피트니스·스포츠, ",경기 수원시 영통구 봉영로 1612 (영통동) 보보스프라자 719호 더제이필라테스,http://www.albamon.com/list/gi/mon_gib_read.asp?AL_GI_No=60249606&mj_stat=0&optgf=
마크짐휘트니스,무관,"월급 1,500,000원","일반영업·판매, 매장관리·판매, 안내데스크, ",경기도 수원시 영통구 봉영로 1617 훼미리타워,http://www.albamon.com/list/gi/mon_gib_read.asp?AL_GI_No=60248880&mj_stat=0&optgf=
㈜아이풀,무관,"시급 7,530원","서비스 기타, 청소·미화, ","경기 수원시 영통구 영통로 136 (망포동, 센트럴타워) 지하1층 아이풀수영장",http://www.albamon.com/list/gi/mon_gib_read.asp?AL_GI_No=60248384&mj_stat=0&optgf=
㈜리딩홀딩스,무관,"연봉 20,000,000원","사무보조, 경리·회계보조, 시스템·네트워크·보안, ",경기 수원시 영통구 영통동 959-4 다모아프라자 9층,http://www.albamon.com/list/gi/mon_gib_read.asp?AL_GI_No=60247582&mj_stat=0&optgf=
㈜자연관광여행사,무관,"일급 37,000원","보조교사, 서비스 기타, ",경기 수원시 영통구 영통동 29-3 수원외국인학교,http://www.albamon.com/list/gi/mon_gib_read.asp?AL_GI_No=60247542&mj_stat=0&optgf=
트래블앤아트,무관,"월급 2,500,000원","패스트푸드점, 배달, 일반음식점, ",경기 수원시 영통구 영통동 1050-6,http://www.albamon.com/list/gi/mon_gib_read.asp?AL_GI_No=60247341&mj_stat=0&optgf=
노가리슈퍼,남자,"시급 8,000원","호프·일반주점, ","경기 수원시 영통구 청명남로28번길 20 (영통동, 플러스타운빌딩) 1층 110호",http://www.albamon.com/list/gi/mon_gib_read.asp?AL_GI_No=60247125&mj_stat=0&optgf=
치요 망포점,무관,"월급 2,700,000원","호프·일반주점, 서빙, 주방장·조리사, ","경기 수원시 영통구 영통로214번길 17 (영통동, ASK빌딩) 2층",http://www.albamon.com/list/gi/mon_gib_read.asp?AL_GI_No=60247074&mj_stat=0&optgf=
㈜가배2호,무관,"월급 1,700,000원","커피전문점, 바리스타, ",경기 수원시 영통구 영통동 416번저 삼성전자 R5 B타워 1층,http://www.albamon.com/list/gi/mon_gib_read.asp?AL_GI_No=60246987&mj_stat=0&optgf=
슈코우,무관,"월급 2,000,000원","레스토랑, 일반음식점, 호프·일반주점, ",경기 수원시 영통구 청명남로12번길 9 (영통동) 1층,http://www.albamon.com/list/gi/mon_gib_read.asp?AL_GI_No=60246568&mj_stat=0&optgf=
르노삼성자동차 중앙연구소 (스탭스),무관,"월급 2,100,000원","제조·가공·조립, 입출고·창고관리, 포장·품질검사, ","경기 용인시 기흥구 탑실로 61 (공세동, 르노삼성자동차(주)중앙연구소)  공세동",http://www.albamon.com/list/gi/mon_gib_read.asp?AL_GI_No=60246165&mj_stat=0&optgf=
배스킨라빈스 영통홈플러스,무관,"시급 7,530원","아이스크림·디저트, 매장관리·판매, 베이커리·도넛·떡, ",경기 수원시 영통구 영통동 영통홈플러스 내 1층 배스킨라빈스,http://www.albamon.com/list/gi/mon_gib_read.asp?AL_GI_No=60245843&mj_stat=0&optgf=
충만치킨,무관,"시급 8,300원","치킨·피자전문점, 서빙, ",경기 수원시 영통구 신동 935 충만치킨,http://www.albamon.com/list/gi/mon_gib_read.asp?AL_GI_No=60245675&mj_stat=0&optgf=
오마뎅영통점,무관,"시급 7,600원","패스트푸드점, 일반음식점, 급식·푸드시스템, ",경기 수원시 영통구 영통동 998-4 e-폴리스 106호,http://www.albamon.com/list/gi/mon_gib_read.asp?AL_GI_No=60245521&mj_stat=0&optgf=
삼성노블카운티,무관,"연봉 25,000,000원","간호조무사·간호사, ",경기 용인시 기흥구 하갈동 490번지 삼성노블카운티 리빙프라자 2층 인사지원팀,http://www.albamon.com/list/gi/mon_gib_read.asp?AL_GI_No=60244914&mj_stat=0&optgf=
채돈이(영통점),남자,"월급 2,000,000원","일반음식점, ",경기 수원시 영통구 청명남로34번길 21 (영통동) 테라스가든주차빌딩 1층 116호,http://www.albamon.com/list/gi/mon_gib_read.asp?AL_GI_No=60244645&mj_stat=0&optgf=
GS25,무관,"시급 7,530원","편의점, 매장관리·판매, ",영통구영통로513 gs25 황골주공점,http://www.albamon.com/list/gi/mon_gib_read.asp?AL_GI_No=60244157&mj_stat=0&optgf=
써브웨이 홈플러스영통점,무관,"시급 7,530원","패스트푸드점, ","경기 수원시 영통구 봉영로 1576 (영통동, 영통홈플러스) 홈플러스영통점 1층 써브웨이코너",http://www.albamon.com/list/gi/mon_gib_read.asp?AL_GI_No=60243966&mj_stat=0&optgf=
아침마당,무관,"월급 2,550,000원","유통점·마트, 매장관리·판매, 배달, ","경기 수원시 영통구 덕영대로1555번길 46 (영통동, 롯데크리닉상가) 아침마당",http://www.albamon.com/list/gi/mon_gib_read.asp?AL_GI_No=60243959&mj_stat=0&optgf=
유현글로벌,무관,"월급 3,400,000원","제조·가공·조립, 포장·품질검사, ","경기 수원시 권선구 경수대로 261 (세류동, 리치타워) 5층 유현글로벌",http://www.albamon.com/list/gi/mon_gib_read.asp?AL_GI_No=60243478&mj_stat=0&optgf=
노랑통닭,남자,"시급 12,000원","치킨·피자전문점, ",경기 수원시 영통구 망포동 386 110호,http://www.albamon.com/list/gi/mon_gib_read.asp?AL_GI_No=60243103&mj_stat=0&optgf=
그릴존,무관,"월급 2,450,000원","서빙, 레스토랑, ",경기 수원시 영통구 영통동 1021-1,http://www.albamon.com/list/gi/mon_gib_read.asp?AL_GI_No=60243071&mj_stat=0&optgf=
천일문라이브러리,무관,"시급 7,530원","스터디룸·독서실·고시원, ","경기 수원시 영통구 반달로7번길 16 (영통동, e-폴리스) 7층",http://www.albamon.com/list/gi/mon_gib_read.asp?AL_GI_No=60242035&mj_stat=0&optgf=
주식회사 알투스컴퍼니,여자,"월급 1,650,000원","사무보조, 고객상담·인바운드, 영업관리·지원, ",경기 수원시 영통구 원천동 288-1,http://www.albamon.com/list/gi/mon_gib_read.asp?AL_GI_No=60240842&mj_stat=0&optgf=
대동집,무관,"시급 8,000원","서빙, 일반음식점, 주방보조·설거지, ",경기 수원시 영통구 망포동 539 곱창고,http://www.albamon.com/list/gi/mon_gib_read.asp?AL_GI_No=60240702&mj_stat=0&optgf=
탑플레이스 pc방,남자,"시급 8,500원","일반음식점, PC방, ","경기 수원시 영통구 청명남로 31 (영통동, 키라레스토아) 3층",http://www.albamon.com/list/gi/mon_gib_read.asp?AL_GI_No=60238696&mj_stat=0&optgf=
아트모마 수원 영통 경기 동탄지사,여자,"건별 70,000원","방문·학습지, 유아·유치원, 교육·강사 기타, ","경기 화성시 동탄공원로 21-40 (능동, 동탄푸른마을두산위브아파트) 925-1202",http://www.albamon.com/list/gi/mon_gib_read.asp?AL_GI_No=59998485&mj_stat=0&optgf=
제임스스튜디오,여자,"시급 8,000원","사진촬영·편집, ",경기 수원시 영통구 영통동 1011-5 테라스가든상가 2층 215호,http://www.albamon.com/list/gi/mon_gib_read.asp?AL_GI_No=60238165&mj_stat=0&optgf=
모두랑,무관,"시급 8,500원","일반음식점, 호프·일반주점, ",경기 수원시 영통구 영통로200번길 75 (영통동) 1층 모두랑호프,http://www.albamon.com/list/gi/mon_gib_read.asp?AL_GI_No=60236396&mj_stat=0&optgf=
칠성포차수원영통점,무관,"시급 8,000원","호프·일반주점, 서빙, ","경기 수원시 영통구 청명남로 31 (영통동, 키라레스토아) 210,211호",http://www.albamon.com/list/gi/mon_gib_read.asp?AL_GI_No=60234505&mj_stat=0&optgf=
유성워크넷,여자,"월급 2,000,000원","사무보조, 고객상담·인바운드, ",근무지는 범계역 앞 입니다,http://www.albamon.com/list/gi/mon_gib_read.asp?AL_GI_No=60223206&mj_stat=0&optgf=
우산속,여자,"시급 20,000원","바(bar), ",경기 화성시 석우동 32-5 세비앙오피스텔 206호,http://www.albamon.com/list/gi/mon_gib_read.asp?AL_GI_No=60215290&mj_stat=0&optgf=
HS (한산),여자,"월급 3,500,000원","바(bar), ","경기 화성시 동탄중심상가1길 31 (반송동, 광장타워) 404-1호",http://www.albamon.com/list/gi/mon_gib_read.asp?AL_GI_No=60128701&mj_stat=0&optgf=
㈜미래티엠에스,여자,"월급 2,600,000원","포장·품질검사, 제조·가공·조립, ","경기 용인시 기흥구 하갈로15번길 46 (보라동, 윤인테크노타운) 보라동 473-4 윤인테크노타운",http://www.albamon.com/list/gi/mon_gib_read.asp?AL_GI_No=60149098&mj_stat=0&optgf=
와바,무관,"시급 8,000원","호프·일반주점, 일반음식점, 서빙, ",경기 수원시 영통구 영통동 1010-12 2층  와바,http://www.albamon.com/list/gi/mon_gib_read.asp?AL_GI_No=60233947&mj_stat=0&optgf=
파티,여자,"월급 5,000,000원","바(bar), ",경기 수원시 영통구 영통동 974-7 3층,http://www.albamon.com/list/gi/mon_gib_read.asp?AL_GI_No=60233282&mj_stat=0&optgf=
펀비어킹,무관,"시급 8,000원","호프·일반주점, 일반음식점, ",경기 수원시 영통구 망포동 387,http://www.albamon.com/list/gi/mon_gib_read.asp?AL_GI_No=60233073&mj_stat=0&optgf=
자연별곡 망포점,무관,"시급 7,530원","패밀리레스토랑, ",경기 수원시 영통구 덕영대로 1566 (영통동) 더 판타지움 2층 자연별곡,http://www.albamon.com/list/gi/mon_gib_read.asp?AL_GI_No=60232291&mj_stat=0&optgf=
37도씨,남자,"월급 2,000,000원","바(bar), ",경기 수원시 팔달구 인계동 1031-3 혜연빌딩 2층,http://www.albamon.com/list/gi/mon_gib_read.asp?AL_GI_No=60230860&mj_stat=0&optgf=
스뎅,무관,"시급 9,000원","호프·일반주점, 일반음식점, 주방장·조리사, ",경기 화성시 반월동 360-2  2층,http://www.albamon.com/list/gi/mon_gib_read.asp?AL_GI_No=60230716&mj_stat=0&optgf=
아웃백 스테이크하우스 수원 영통점,무관,"시급 9,050원","패밀리레스토랑, ","경기 수원시 영통구 봉영로 1613 (영통동, 영통하우스토리) B1F 아웃백 스테이크 하우스 영통점",http://www.albamon.com/list/gi/mon_gib_read.asp?AL_GI_No=60230037&mj_stat=0&optgf=
롯데GRS㈜ TGIF,무관,"시급 7,530원","패밀리레스토랑, 일반음식점, ","경기 수원시 영통구 봉영로 1579 (영통동, 롯데마트영통점) 5층 TGIF 롯데마트 영통점",http://www.albamon.com/list/gi/mon_gib_read.asp?AL_GI_No=60229721&mj_stat=0&optgf=
노랑통닭,남자,"시급 12,000원","치킨·피자전문점, ",경기 수원시 영통구 망포동 386 110호,http://www.albamon.com/list/gi/mon_gib_read.asp?AL_GI_No=60228907&mj_stat=0&optgf=
황선생영어,무관,"시급 9,000원","입시·보습학원, 보조교사, ","경기 수원시 영통구 영통동 1038-14번지, 201호",http://www.albamon.com/list/gi/mon_gib_read.asp?AL_GI_No=60228598&mj_stat=0&optgf=
커피빈코리아 수원망포역점,무관,"시급 7,530원","커피전문점, ",경기 수원시 영통구 영통로214번길 8 (영통동) 1층 커피빈,http://www.albamon.com/list/gi/mon_gib_read.asp?AL_GI_No=60228367&mj_stat=0&optgf=
영통청담어학원,무관,"시급 8,000원","사무보조, 디자인 기타, ","경기 수원시 영통구 봉영로 1587 (영통동, 다모아프라자) 3층 청담어학원",http://www.albamon.com/list/gi/mon_gib_read.asp?AL_GI_No=60228107&mj_stat=0&optgf=
대동집,무관,"시급 8,000원","서빙, 일반음식점, 주방보조·설거지, ",경기 수원시 영통구 망포동 539 곱창고,http://www.albamon.com/list/gi/mon_gib_read.asp?AL_GI_No=60227442&mj_stat=0&optgf=
더제이필라테스,여자,"시급 7,600원","피트니스·스포츠, ",경기 수원시 영통구 봉영로 1612 (영통동) 보보스프라자 719호 더제이필라테스,http://www.albamon.com/list/gi/mon_gib_read.asp?AL_GI_No=60227241&mj_stat=0&optgf=
연봉6천이상/땀흘린만큼 수입/소화물배송/주부가능/부부가,무관,"월급 4,500,000원","입출고·창고관리, 택배·퀵서비스, ",경기 수원시 영통구 이의동 광교 롯데택배,http://www.albamon.com/list/gi/mon_gib_read.asp?AL_GI_No=60226641&mj_stat=0&optgf=
애슐리 수원망포점,무관,"시급 7,530원","패밀리레스토랑, ",경기 수원시 영통구 덕영대로 1566 (영통동) 판타지움 2층 애슐리,http://www.albamon.com/list/gi/mon_gib_read.asp?AL_GI_No=60226544&mj_stat=0&optgf=
배스킨라빈스 영통홈플러스,무관,"시급 7,530원","아이스크림·디저트, 매장관리·판매, 베이커리·도넛·떡, ",경기 수원시 영통구 영통동 영통홈플러스 내 1층 배스킨라빈스,http://www.albamon.com/list/gi/mon_gib_read.asp?AL_GI_No=60226390&mj_stat=0&optgf=
건강해GYM,여자,"월급 600,000원","안내데스크, ",경기 수원시 영통구 영통동 980-3 디지털 엠파이어빌딩 F동 3층 건강해gym,http://www.albamon.com/list/gi/mon_gib_read.asp?AL_GI_No=60226381&mj_stat=0&optgf=
천일문라이브러리,무관,"시급 7,530원","스터디룸·독서실·고시원, ","경기 수원시 영통구 반달로7번길 16 (영통동, e-폴리스) 7층",http://www.albamon.com/list/gi/mon_gib_read.asp?AL_GI_No=60226114&mj_stat=0&optgf=
마블짐,무관,"시급 7,530원","전단지배포, ","경기 수원시 영통구 봉영로1759번길 8-15 (영통동, 현명빌딩) 마블짐휘트니스 5층",http://www.albamon.com/list/gi/mon_gib_read.asp?AL_GI_No=60225881&mj_stat=0&optgf=
카인드짐 망포점,무관,"월급 1,000,000원","피트니스·스포츠, 문화·여가·생활 기타, 피트니스 트레이너, ","경기 수원시 영통구 영통로 136 (망포동, 센트럴타워) 4층 407호",http://www.albamon.com/list/gi/mon_gib_read.asp?AL_GI_No=60225659&mj_stat=0&optgf=
천재교과서 수업사업국,무관,"시급 8,000원","일반영업·판매, 매장관리·판매, 보조교사, ","경기 수원시 영통구 반달로7번길 40 (영통동, 평익칼라스위트) 604호",http://www.albamon.com/list/gi/mon_gib_read.asp?AL_GI_No=60225226&mj_stat=0&optgf=
맥도날드 수원 경희대,무관,"시급 7,530원","패스트푸드점, ",경기 수원시 영통구 영통동 1024-9번지,http://www.albamon.com/list/gi/mon_gib_read.asp?AL_GI_No=60224851&mj_stat=0&optgf=
㈜가배2호,무관,"월급 1,700,000원","커피전문점, 바리스타, ",경기 수원시 영통구 영통동 416번저 삼성전자 R5 B타워 1층,http://www.albamon.com/list/gi/mon_gib_read.asp?AL_GI_No=60224448&mj_stat=0&optgf=
엔젤이앤씨,무관,"월급 1,000,000원","여행·캠프·레포츠, 피트니스·스포츠, ",경기 수원시 영통구 영통동 1025-1 보보스스포렉스 2층,http://www.albamon.com/list/gi/mon_gib_read.asp?AL_GI_No=60224221&mj_stat=0&optgf=
퓨전키친카페(주식회사 혜성식품),무관,"월급 2,500,000원","주방장·조리사, ",경기 수원시 영통구 영통동 76-1 장안정밀기계,http://www.albamon.com/list/gi/mon_gib_read.asp?AL_GI_No=60224036&mj_stat=0&optgf=
이마트24 수원망포원룸점,무관,"시급 7,530원","편의점, 매장관리·판매, 캐셔·카운터, ",경기 수원시 영통구 망포동 355-12,http://www.albamon.com/list/gi/mon_gib_read.asp?AL_GI_No=60223819&mj_stat=0&optgf=
어반드림,남자,"시급 8,000원","일반음식점, ",경기 수원시 영통구 매영로 414 (영통동) 1층 어반드림,http://www.albamon.com/list/gi/mon_gib_read.asp?AL_GI_No=60223769&mj_stat=0&optgf=
바른골프,무관,"월급 800,000원","매장관리·판매, 안내데스크, 고객상담·인바운드, ","경기 용인시 기흥구 중부대로 64 (영덕동, 영통프리미엄아울렛) B동 2층 바른골프",http://www.albamon.com/list/gi/mon_gib_read.asp?AL_GI_No=60222529&mj_stat=0&optgf=
㈜조앤푸드,무관,"시급 8,400원","일반음식점, 패밀리레스토랑, 서빙, ",경기 수원시 영통구 영통동 958-3 영통하우스토리 107호,http://www.albamon.com/list/gi/mon_gib_read.asp?AL_GI_No=60222308&mj_stat=0&optgf=
에이블어학원,무관,"시급 7,600원","안내데스크, 교육·강사 기타, ",경기 수원시 영통구 영통동 979-2번지 늘푸른빌딩 8층 에이블 어학원,http://www.albamon.com/list/gi/mon_gib_read.asp?AL_GI_No=60222279&mj_stat=0&optgf=
채돈이(영통점),남자,"월급 2,000,000원","일반음식점, ",경기 수원시 영통구 청명남로34번길 21 (영통동) 테라스가든주차빌딩 1층 116호,http://www.albamon.com/list/gi/mon_gib_read.asp?AL_GI_No=60222061&mj_stat=0&optgf=
헬로방방 키즈카페,여자,"시급 8,000원","매장관리·판매, 키즈카페, 커피전문점, ","경기 수원시 영통구 반달로 21 (영통동, 매직프라자) 701호",http://www.albamon.com/list/gi/mon_gib_read.asp?AL_GI_No=60221376&mj_stat=0&optgf=
비엡시금융서비스 AD지점,무관,"월급 5,000,000원","금융·보험영업, ",경기 수원시 영통구 권선로882번길 43-11 (신동) 1층,http://www.albamon.com/list/gi/mon_gib_read.asp?AL_GI_No=60220031&mj_stat=0&optgf=
매드테이블 수원영통점,무관,"시급 10,000원","호프·일반주점, 서빙, 레스토랑, ","경기 수원시 영통구 영통로214번길 41 (영통동, 토야 플라자) 토야빌딩 202호",http://www.albamon.com/list/gi/mon_gib_read.asp?AL_GI_No=60219429&mj_stat=0&optgf=
카페오후엔,무관,"시급 7,600원","바리스타, 커피전문점, ",경기 수원시 영통구 영통동 958-1 드림피아 106호,http://www.albamon.com/list/gi/mon_gib_read.asp?AL_GI_No=60218953&mj_stat=0&optgf=
LG U+ 가온모바일,무관,"월급 2,500,000원","매장관리·판매, 휴대폰·전자기기매장, ","경기 수원시 영통구 덕영대로1555번길 13 (영통동, 세일빌딩) 1층",http://www.albamon.com/list/gi/mon_gib_read.asp?AL_GI_No=60217136&mj_stat=0&optgf=
탑플레이스 pc방,남자,"시급 8,500원","일반음식점, PC방, ","경기 수원시 영통구 청명남로 31 (영통동, 키라레스토아) 3층",http://www.albamon.com/list/gi/mon_gib_read.asp?AL_GI_No=60217139&mj_stat=0&optgf=
수원경희대점,무관,"시급 7,530원","배달, 패스트푸드점, ","경기 수원시 영통구 덕영대로 1703 (영통동, 아이시티) 경희대국제캠퍼스점 맥도날드",http://www.albamon.com/list/gi/mon_gib_read.asp?AL_GI_No=60216204&mj_stat=0&optgf=
빽다방 수원영통중앙점,무관,"시급 7,530원","커피전문점, ","경기 수원시 영통구 청명남로 31 (영통동, 키라레스토아) 105-1",http://www.albamon.com/list/gi/mon_gib_read.asp?AL_GI_No=60216169&mj_stat=0&optgf=
현진정보시스템,무관,"연봉 20,000,000원","사무보조, 문서작성·자료조사, ",경기 화성시 동학산1길 10-15 (석우동) 1층 현진정보시스템,http://www.albamon.com/list/gi/mon_gib_read.asp?AL_GI_No=60215379&mj_stat=0&optgf=
수학전문학원,무관,"시급 8,000원","입시·보습학원, 보조교사, ",경기 수원시 영통구 망포동 569-3 번지,http://www.albamon.com/list/gi/mon_gib_read.asp?AL_GI_No=60215158&mj_stat=0&optgf=
모두랑,무관,"시급 8,500원","일반음식점, 호프·일반주점, ",경기 수원시 영통구 영통로200번길 75 (영통동) 1층 모두랑호프,http://www.albamon.com/list/gi/mon_gib_read.asp?AL_GI_No=60214568&mj_stat=0&optgf=
네오빌,무관,"월급 1,800,000원","청소·미화, 주방장·조리사, 서비스 기타, ",경기 수원시 영통구 영통동 1021-1,http://www.albamon.com/list/gi/mon_gib_read.asp?AL_GI_No=60214540&mj_stat=0&optgf=
쿠팡풀필먼트서비스 유한회사,무관,"일급 79,065원","입출고·창고관리, 포장·품질검사, 쇼핑몰·소셜커머스·홈쇼핑, ",경기 여주시 점봉동 204-3,http://www.albamon.com/list/gi/mon_gib_read.asp?AL_GI_No=60181524&mj_stat=0&optgf=
칠성포차수원영통점,무관,"시급 8,000원","호프·일반주점, 서빙, ","경기 수원시 영통구 청명남로 31 (영통동, 키라레스토아) 210,211호",http://www.albamon.com/list/gi/mon_gib_read.asp?AL_GI_No=60213267&mj_stat=0&optgf=
친절한 아이오스,무관,"일급 90,000원","입출고·창고관리, 상하차·소화물 분류, 택배·퀵서비스, ",경기 광주시 산수로 642-70 (신월리) CJ대한통운 광주 메가허브 터미널,http://www.albamon.com/list/gi/mon_gib_read.asp?AL_GI_No=60161741&mj_stat=0&optgf=
㈜ SPC삼립,무관,"월급 2,200,000원","유통점·마트, 베이커리·도넛·떡, 주방장·조리사, ",경기 화성시 삼성1로 333 (반월동) 빅마켓 신영통 내 SPC삼립 베이커리,http://www.albamon.com/list/gi/mon_gib_read.asp?AL_GI_No=60207201&mj_stat=0&optgf=
경성주막1929수원영통점,무관,"월급 2,400,000원","호프·일반주점, 일반음식점, ","경기 수원시 영통구 청명남로 31 (영통동, 키라레스토아) 207,208",http://www.albamon.com/list/gi/mon_gib_read.asp?AL_GI_No=60212859&mj_stat=0&optgf=
써브웨이 홈플러스영통점,무관,"시급 7,530원","패스트푸드점, ","경기 수원시 영통구 봉영로 1576 (영통동, 영통홈플러스) 홈플러스영통점 1층 써브웨이코너",http://www.albamon.com/list/gi/mon_gib_read.asp?AL_GI_No=60212851&mj_stat=0&optgf=
그릴존,무관,"월급 2,450,000원","서빙, 레스토랑, ",경기 수원시 영통구 영통동 1021-1,http://www.albamon.com/list/gi/mon_gib_read.asp?AL_GI_No=60212665&mj_stat=0&optgf=
큐브,여자,"월급 5,000,000원","바(bar), ","경기 수원시 영통구 매탄로100번길 29 (매탄동, 국제프라자) 6층 601호",http://www.albamon.com/list/gi/mon_gib_read.asp?AL_GI_No=60147398&mj_stat=0&optgf=
글램글램BAR,여자,"월급 3,800,000원","바(bar), ",경기 수원시 영통구 청명남로34번길 12 (영통동) 2층,http://www.albamon.com/list/gi/mon_gib_read.asp?AL_GI_No=60086448&mj_stat=0&optgf=
뷰 (모던bar),여자,"월급 3,200,000원","바(bar), ","경기 수원시 영통구 청명남로 32 (영통동, 월드프라자)401호 뷰",http://www.albamon.com/list/gi/mon_gib_read.asp?AL_GI_No=60086342&mj_stat=0&optgf=
㈜제이케이씨/ 홍루이젠 영통점,무관,"시급 7,530원","베이커리·도넛·떡, ","경기 수원시 영통구 봉영로 1606 (영통동, 미네시티) 108호 홍루이젠",http://www.albamon.com/list/gi/mon_gib_read.asp?AL_GI_No=60211634&mj_stat=0&optgf=
하시,무관,"시급 8,500원","일반음식점, 호프·일반주점, 주방보조·설거지, ","경기 수원시 영통구 영통로214번길 41 (영통동, 토야 플라자) 1층 107호",http://www.albamon.com/list/gi/mon_gib_read.asp?AL_GI_No=60210992&mj_stat=0&optgf=
어학원,무관,"시급 10,000원","외국어·어학원, ",경기 수원시 영통구 봉영로 1761 (영통동) 6층,http://www.albamon.com/list/gi/mon_gib_read.asp?AL_GI_No=60210570&mj_stat=0&optgf=
와바,무관,"시급 8,000원","호프·일반주점, 일반음식점, 서빙, ",경기 수원시 영통구 영통동 1010-12 2층  와바,http://www.albamon.com/list/gi/mon_gib_read.asp?AL_GI_No=60210238&mj_stat=0&optgf=
삼국지 제철수산,남자,"시급 8,000원","서빙, 일반음식점, ","경기 수원시 영통구 영통로 136 (망포동, 센트럴타워) 211호",http://www.albamon.com/list/gi/mon_gib_read.asp?AL_GI_No=60210114&mj_stat=0&optgf=
맘스터치  영통역점,무관,"시급 7,530원","패스트푸드점, 주방보조·설거지, ","경기 수원시 영통구 봉영로 1590 (영통동, 밀레니엄 프라자) 118-1호",http://www.albamon.com/list/gi/mon_gib_read.asp?AL_GI_No=60209863&mj_stat=0&optgf=
맘스터치 신영통점,무관,"시급 7,530원","패스트푸드점, 캐셔·카운터, 주방장·조리사, ","경기 수원시 영통구 영통로 136 (망포동, 센트럴타워) 107호",http://www.albamon.com/list/gi/mon_gib_read.asp?AL_GI_No=60209733&mj_stat=0&optgf=
쿠우쿠우영통점,무관,"월급 2,500,000원","패밀리레스토랑, 일반음식점, ",경기 수원시 영통구 청명남로 40 (영통동) 5층,http://www.albamon.com/list/gi/mon_gib_read.asp?AL_GI_No=60209555&mj_stat=0&optgf=
37도씨,남자,"월급 2,000,000원","바(bar), ",경기 수원시 팔달구 인계동 1031-3 혜연빌딩 2층,http://www.albamon.com/list/gi/mon_gib_read.asp?AL_GI_No=60209245&mj_stat=0&optgf=
마크짐휘트니스,무관,"월급 1,500,000원","일반영업·판매, 매장관리·판매, 안내데스크, ",경기도 수원시 영통구 봉영로 1617 훼미리타워,http://www.albamon.com/list/gi/mon_gib_read.asp?AL_GI_No=60207951&mj_stat=0&optgf=
하나비 징기스칸 양고기,무관,"시급 8,000원","주방장·조리사, 서빙, 일반음식점, ",경기 수원시 영통구 영통동 1010-1  102호,http://www.albamon.com/list/gi/mon_gib_read.asp?AL_GI_No=60207918&mj_stat=0&optgf=
배스킨라빈스 영통홈플러스,무관,"시급 7,530원","아이스크림·디저트, 매장관리·판매, 베이커리·도넛·떡, ",경기 수원시 영통구 영통동 영통홈플러스 내 1층 배스킨라빈스,http://www.albamon.com/list/gi/mon_gib_read.asp?AL_GI_No=60206383&mj_stat=0&optgf=
마블짐,무관,"시급 7,530원","전단지배포, ","경기 수원시 영통구 봉영로1759번길 8-15 (영통동, 현명빌딩) 마블짐휘트니스 5층",http://www.albamon.com/list/gi/mon_gib_read.asp?AL_GI_No=60206374&mj_stat=0&optgf=
유바에,무관,"시급 8,000원","일반음식점, 호프·일반주점, 서빙, ",경기 수원시 영통구 영통동 998-8 키라레스토아 101호,http://www.albamon.com/list/gi/mon_gib_read.asp?AL_GI_No=60206338&mj_stat=0&optgf=
태백실비식당,무관,"시급 8,000원","일반음식점, 서빙, 캐셔·카운터, ","경기 수원시 영통구 매영로345번길 7 (영통동, 영통트리플렉스) 107호",http://www.albamon.com/list/gi/mon_gib_read.asp?AL_GI_No=60206218&mj_stat=0&optgf=
주식회사 트라이앵글스토리,무관,"시급 9,036원","PC방, ",경기 수원시 영통구 영통동 1022-5 3층,http://www.albamon.com/list/gi/mon_gib_read.asp?AL_GI_No=60206189&mj_stat=0&optgf=
판타스틱코인노래방수원망포역점,남자,"시급 8,000원","노래방, ","경기 수원시 영통구 덕영대로 1535 (영통동, 현대프라자) 204,205호",http://www.albamon.com/list/gi/mon_gib_read.asp?AL_GI_No=60205928&mj_stat=0&optgf=
노랑통닭,남자,"시급 12,000원","치킨·피자전문점, ",경기 수원시 영통구 망포동 386 110호,http://www.albamon.com/list/gi/mon_gib_read.asp?AL_GI_No=60205927&mj_stat=0&optgf=
뮤엠영어이젠수학학원,여자,"시급 15,000원","입시·보습학원, 보조교사, 교육·강사 기타, ",경기 용인시 기흥구 서천동 814번지 SB타운 6층 뮤엠영어,http://www.albamon.com/list/gi/mon_gib_read.asp?AL_GI_No=60205804&mj_stat=0&optgf=
㈜멘토플러스,무관,"월급 2,000,000원","백화점·면세점, 커피전문점, 유통점·마트, ","경기 수원시 영통구 봉영로 1576 (영통동, 영통홈플러스) 홈플러스 푸드코너",http://www.albamon.com/list/gi/mon_gib_read.asp?AL_GI_No=60158854&mj_stat=0&optgf=
대동집,무관,"시급 8,000원","서빙, 일반음식점, 주방보조·설거지, ",경기 수원시 영통구 망포동 539 곱창고,http://www.albamon.com/list/gi/mon_gib_read.asp?AL_GI_No=60204786&mj_stat=0&optgf=
브리즈 피씨 까페 수원영통점,무관,"시급 9,036원","서비스 기타, 캐셔·카운터, PC방, ",경기 수원시 영통구 영통동 998-7 4층,http://www.albamon.com/list/gi/mon_gib_read.asp?AL_GI_No=60204135&mj_stat=0&optgf=
맥스피드 PC방(영통점),무관,"시급 7,530원","PC방, ",경기 수원시 영통구 영통동 946-5 3층 맥스피드PC방,http://www.albamon.com/list/gi/mon_gib_read.asp?AL_GI_No=60204117&mj_stat=0&optgf=
건강해GYM,여자,"월급 600,000원","안내데스크, ",경기 수원시 영통구 영통동 980-3 디지털 엠파이어빌딩 F동 3층 건강해gym,http://www.albamon.com/list/gi/mon_gib_read.asp?AL_GI_No=60203561&mj_stat=0&optgf=
역전할머니맥주,무관,"시급 8,000원","호프·일반주점, ","경기 수원시 영통구 반달로35번길 30 (영통동, 영통역아이파크) 1층",http://www.albamon.com/list/gi/mon_gib_read.asp?AL_GI_No=60203218&mj_stat=0&optgf=
스시로한국 수원 영통점,무관,"시급 9,036원","패밀리레스토랑, 레스토랑, 일반음식점, ","경기 수원시 영통구 봉영로 1576 (영통동, 영통홈플러스) 영통홈플러스 1층 스시로",http://www.albamon.com/list/gi/mon_gib_read.asp?AL_GI_No=60200750&mj_stat=0&optgf=
㈜소프트잉크 홈플러스 영통점,무관,"시급 7,530원","유통점·마트, 매장관리·판매, ","경기 수원시 영통구 봉영로 1576 (영통동, 영통홈플러스) 5층",http://www.albamon.com/list/gi/mon_gib_read.asp?AL_GI_No=60200147&mj_stat=0&optgf=
더제이필라테스,여자,"시급 7,600원","피트니스·스포츠, ",경기 수원시 영통구 봉영로 1612 (영통동) 보보스프라자 719호 더제이필라테스,http://www.albamon.com/list/gi/mon_gib_read.asp?AL_GI_No=60199978&mj_stat=0&optgf=
서천각,여자,"시급 7,530원","일반음식점, ","경기 용인시 기흥구 서천로 121 (서천동, 원희캐슬) 109호 서천각",http://www.albamon.com/list/gi/mon_gib_read.asp?AL_GI_No=60199504&mj_stat=0&optgf=
드립앤더치삼성3호점,여자,"시급 7,800원","커피전문점, 일반음식점, 바리스타, ",경기 화성시 반월동 삼성전자 화성사업장 A타워,http://www.albamon.com/list/gi/mon_gib_read.asp?AL_GI_No=60197091&mj_stat=0&optgf=
카페오후엔,무관,"시급 7,600원","바리스타, 커피전문점, ",경기 수원시 영통구 영통동 958-1 드림피아 106호,http://www.albamon.com/list/gi/mon_gib_read.asp?AL_GI_No=60198789&mj_stat=0&optgf=
카인드짐 망포점,여자,"시급 7,530원","사무보조, 텔레마케팅·아웃바운드, 안내데스크, ","경기 수원시 영통구 영통로 136 (망포동, 센트럴타워) 4층 407호",http://www.albamon.com/list/gi/mon_gib_read.asp?AL_GI_No=60198103&mj_stat=0&optgf=
천일문라이브러리,무관,"시급 7,530원","스터디룸·독서실·고시원, ","경기 수원시 영통구 반달로7번길 16 (영통동, e-폴리스) 7층",http://www.albamon.com/list/gi/mon_gib_read.asp?AL_GI_No=60198016&mj_stat=0&optgf=
디큐오퍼레이션,무관,"시급 7,530원","패스트푸드점, ","경기 수원시 영통구 봉영로 1576 (영통동, 영통홈플러스) 1층 푸드코트",http://www.albamon.com/list/gi/mon_gib_read.asp?AL_GI_No=60197797&mj_stat=0&optgf=
동화세상에듀코 영통지사,무관,"월급 2,500,000원","입시·보습학원, 외국어·어학원, 방문·학습지, ","경기 수원시 영통구 봉영로 1623 (영통동, 드림피아빌딩) 301호",http://www.albamon.com/list/gi/mon_gib_read.asp?AL_GI_No=60197265&mj_stat=0&optgf=
헤어다이아,무관,"월급 1,800,000원","헤어·미용·네일샵, ",경기 화성시 반송동 88-13 아이프라자 3층 헤어다이아,http://www.albamon.com/list/gi/mon_gib_read.asp?AL_GI_No=60196808&mj_stat=0&optgf=
주식회사 혜성식품,무관,"월급 1,600,000원","경리·회계보조, ","경기 수원시 영통구 신원로250번길 58 (영통동, 장안정밀기계) 주식회사 혜성식품",http://www.albamon.com/list/gi/mon_gib_read.asp?AL_GI_No=60196394&mj_stat=0&optgf=
케이앤와이즈,무관,"월급 1,700,000원","의류·잡화매장, 가구·침구·생활소품, 입출고·창고관리, ","경기 수원시 영통구 봉영로 1617 (영통동, 훼미리타워) 훼미리타워",http://www.albamon.com/list/gi/mon_gib_read.asp?AL_GI_No=60196283&mj_stat=0&optgf=
더스타,여자,"월급 4,500,000원","바(bar), ","경기 수원시 영통구 청명남로 30 (영통동, 거성빌딩) 602호 더스타",http://www.albamon.com/list/gi/mon_gib_read.asp?AL_GI_No=60195279&mj_stat=0&optgf=
칠성포차수원영통점,무관,"시급 8,000원","호프·일반주점, 서빙, ","경기 수원시 영통구 청명남로 31 (영통동, 키라레스토아) 210,211호",http://www.albamon.com/list/gi/mon_gib_read.asp?AL_GI_No=60195108&mj_stat=0&optgf=
고운성형외과,무관,"연봉 22,000,000원","간호조무사·간호사, 안내데스크, 서비스 기타, ",경기 수원시 영통구 영통동 995-5 밀레니엄프라자 3층 고운성형외과,http://www.albamon.com/list/gi/mon_gib_read.asp?AL_GI_No=60195053&mj_stat=0&optgf=
써브웨이 홈플러스영통점,무관,"시급 7,530원","패스트푸드점, ","경기 수원시 영통구 봉영로 1576 (영통동, 영통홈플러스) 홈플러스영통점 1층 써브웨이코너",http://www.albamon.com/list/gi/mon_gib_read.asp?AL_GI_No=60194753&mj_stat=0&optgf=
맘스터치영통2호점,무관,"시급 7,530원","패스트푸드점, 매장관리·판매, 일반음식점, ","경기 수원시 영통구 봉영로1759번길 8-9 (영통동, 한국몬테소리) 1층 맘스터치",http://www.albamon.com/list/gi/mon_gib_read.asp?AL_GI_No=60194694&mj_stat=0&optgf=
탑플레이스 pc방,남자,"시급 8,500원","일반음식점, PC방, ","경기 수원시 영통구 청명남로 31 (영통동, 키라레스토아) 3층",http://www.albamon.com/list/gi/mon_gib_read.asp?AL_GI_No=60194058&mj_stat=0&optgf=
헤어다이아,무관,"월급 2,200,000원","헤어·미용·네일샵, 매장관리·판매, 캐셔·카운터, ",경기 수원시 영통구 영통동 959-4 다모아프라자 2층 헤어다이아,http://www.albamon.com/list/gi/mon_gib_read.asp?AL_GI_No=60193981&mj_stat=0&optgf=
김샘학원 & 케이투위더스학원,무관,"시급 8,000원","사무보조, 복사·출력·제본, 경리·회계보조, ","경기 수원시 영통구 영통로 145 (망포동, 코스모프라자) 5층 김샘학원 & 케이투위더스학원",http://www.albamon.com/list/gi/mon_gib_read.asp?AL_GI_No=60193309&mj_stat=0&optgf=
㈜가배2호,무관,"월급 1,700,000원","커피전문점, 바리스타, ",경기 수원시 영통구 영통동 416번저 삼성전자 R5 B타워 1층,http://www.albamon.com/list/gi/mon_gib_read.asp?AL_GI_No=60193258&mj_stat=0&optgf=
아트모마 수원 영통 경기 동탄지사,여자,"건별 70,000원","방문·학습지, 유아·유치원, 교육·강사 기타, ","경기 화성시 동탄공원로 21-40 (능동, 동탄푸른마을두산위브아파트) 925-1202",http://www.albamon.com/list/gi/mon_gib_read.asp?AL_GI_No=59998484&mj_stat=0&optgf=
㈜DMB정보통신,남자,"월급 2,000,000원","일반영업·판매, 마케팅·광고·홍보, 영업관리·지원, ",경기 수원시 영통구 영통동 980-3번지 디지털엠파이어빌딩 A동 1405호,http://www.albamon.com/list/gi/mon_gib_read.asp?AL_GI_No=60192558&mj_stat=0&optgf=
㈜DMB정보통신,여자,"월급 2,000,000원","휴대폰·전자기기매장, ",경기 수원시 영통구 영통동 980-3번지 디지털엠파이어빌딩 A동 1405호,http://www.albamon.com/list/gi/mon_gib_read.asp?AL_GI_No=60192475&mj_stat=0&optgf=
아침마당,무관,"월급 2,550,000원","유통점·마트, 매장관리·판매, 배달, ","경기 수원시 영통구 덕영대로1555번길 46 (영통동, 롯데크리닉상가) 아침마당",http://www.albamon.com/list/gi/mon_gib_read.asp?AL_GI_No=60192478&mj_stat=0&optgf=
영덕LPG충전소,남자,"월급 2,000,000원","주유·세차, ",경기 용인시 기흥구 영덕동 175-1 영덕LPG충전소,http://www.albamon.com/list/gi/mon_gib_read.asp?AL_GI_No=60191394&mj_stat=0&optgf=
킹덤볼링장,무관,"월급 2,300,000원","캐셔·카운터, 매장관리·판매, ","경기 수원시 영통구 반달로7번길 40 (영통동, 평익칼라스위트) 3층 킹덤볼링장",http://www.albamon.com/list/gi/mon_gib_read.asp?AL_GI_No=60190818&mj_stat=0&optgf=
모두랑,무관,"시급 8,500원","일반음식점, 호프·일반주점, ",경기 수원시 영통구 영통로200번길 75 (영통동) 1층 모두랑호프,http://www.albamon.com/list/gi/mon_gib_read.asp?AL_GI_No=60190129&mj_stat=0&optgf=
맘스터치 영통1호점,무관,"시급 7,530원","패스트푸드점, ","경기 수원시 영통구 덕영대로1555번길 13 (영통동, 세일빌딩) 1층 101호,102호",http://www.albamon.com/list/gi/mon_gib_read.asp?AL_GI_No=60190017&mj_stat=0&optgf=
장바구니영통점,남자,"월급 2,300,000원","유통점·마트, 배달, ",경기 수원시 영통구 영통동 947-12번지 101호,http://www.albamon.com/list/gi/mon_gib_read.asp?AL_GI_No=60189740&mj_stat=0&optgf=
모모스테이크,무관,"시급 8,000원","일반음식점, ","경기 수원시 영통구 청명남로 21 (영통동, 아셈프라자) 206호",http://www.albamon.com/list/gi/mon_gib_read.asp?AL_GI_No=60189461&mj_stat=0&optgf=
쿠팡,무관,"일급 60,240원","입출고·창고관리, 포장·품질검사, 쇼핑몰·소셜커머스·홈쇼핑, ",경기도 이천시 마장면 덕평리 617번지 쿠팡 덕평 물류센터,http://www.albamon.com/list/gi/mon_gib_read.asp?AL_GI_No=60168211&mj_stat=0&optgf=
쿠팡,무관,"일급 60,240원","입출고·창고관리, 포장·품질검사, 쇼핑몰·소셜커머스·홈쇼핑, ",경기도 이천시 마장면 덕평리 617번지 쿠팡 덕평 물류센터,http://www.albamon.com/list/gi/mon_gib_read.asp?AL_GI_No=60168205&mj_stat=0&optgf=
황제노래연습장,남자,"시급 8,000원","서빙, ",경기 수원시 영통구 청명로 14 (영통동) 2층 황제노래연습장,http://www.albamon.com/list/gi/mon_gib_read.asp?AL_GI_No=60188008&mj_stat=0&optgf=
판다유통,무관,"시급 8,000원","쇼핑몰·소셜커머스·홈쇼핑, 고객상담·인바운드, 영업관리·지원, ","경기 수원시 영통구 영통로200번길 21 (영통동, 현대프라자) 403호",http://www.albamon.com/list/gi/mon_gib_read.asp?AL_GI_No=60133131&mj_stat=0&optgf=
CJ대한통운/신불가능/초보가능/초기자금無/여성가능,무관,"월급 4,000,000원","택배·퀵서비스, 화물·중장비·특수차, 대리운전·일반운전, ","용인 기흥구/초기비용無/차량지원/초보가능/집근처배정/칼퇴근가능/부부가능,친구가능,동반사업",http://www.albamon.com/list/gi/mon_gib_read.asp?AL_GI_No=60183305&mj_stat=0&optgf=
교원구몬 영통지국,무관,"월급 2,000,000원","방문·학습지, 보조교사, 사무보조, ",경기 수원시 영통구 봉영로 1605 모던타운 603호,http://www.albamon.com/list/gi/mon_gib_read.asp?AL_GI_No=60095314&mj_stat=0&optgf=
HS (한산),여자,"월급 3,500,000원","바(bar), ","경기 화성시 동탄중심상가1길 31 (반송동, 광장타워) 404-1호",http://www.albamon.com/list/gi/mon_gib_read.asp?AL_GI_No=60128690&mj_stat=0&optgf=
㈜교원구몬,무관,"월급 2,500,000원","방문·학습지, 보조교사, 입시·보습학원, ","경기 수원시 영통구 봉영로 1605 (영통동, 모던타운)603호 구몬학습",http://www.albamon.com/list/gi/mon_gib_read.asp?AL_GI_No=60088105&mj_stat=0&optgf=
세븐일레븐 영통영일점,남자,"시급 7,530원","편의점, ",경기 수원시 영통구 청명남로4번길 28 (영통동) 세븐일레븐 영통영일점,http://www.albamon.com/list/gi/mon_gib_read.asp?AL_GI_No=60187641&mj_stat=0&optgf=
그릴존,무관,"월급 2,450,000원","서빙, 레스토랑, ",경기 수원시 영통구 영통동 1021-1,http://www.albamon.com/list/gi/mon_gib_read.asp?AL_GI_No=60187378&mj_stat=0&optgf=
큰빛수학학원,여자,"월급 2,300,000원","입시·보습학원, 외국어·어학원, 교육·강사 기타, ","경기 수원시 영통구 태장로54번길 70 (망포동) 303, 304호",http://www.albamon.com/list/gi/mon_gib_read.asp?AL_GI_No=60187130&mj_stat=0&optgf=
이디야 영통중앙점,무관,"시급 7,600원","커피전문점, 바리스타, ",경기 수원시 영통구 영통동 영통하우스토리 102호,http://www.albamon.com/list/gi/mon_gib_read.asp?AL_GI_No=60187024&mj_stat=0&optgf=
ACE PC방 경희대점 (에이스피시방),무관,"시급 9,000원","PC방, ","경기 수원시 영통구 덕영대로 1709 (영통동, 경희유니빌) 201,202호 (2층) 에이스피시방",http://www.albamon.com/list/gi/mon_gib_read.asp?AL_GI_No=60186768&mj_stat=0&optgf=
와바,무관,"시급 8,000원","호프·일반주점, 일반음식점, 서빙, ",경기 수원시 영통구 영통동 1010-12 2층  와바,http://www.albamon.com/list/gi/mon_gib_read.asp?AL_GI_No=60185613&mj_stat=0&optgf=
㈜제이케이씨/ 홍루이젠 영통점,무관,"시급 7,530원","베이커리·도넛·떡, ","경기 수원시 영통구 봉영로 1606 (영통동, 미네시티) 108호 홍루이젠",http://www.albamon.com/list/gi/mon_gib_read.asp?AL_GI_No=60185206&mj_stat=0&optgf=
더클래스학원,무관,"시급 10,000원","입시·보습학원, 교육·강사 기타, ",경기 수원시 영통구 영통동 1054-3 신명한국상가 204호 더클래스학원,http://www.albamon.com/list/gi/mon_gib_read.asp?AL_GI_No=60184990&mj_stat=0&optgf=
버거킹 수원영통점,무관,"시급 7,530원","패스트푸드점, 매장관리·판매, ","경기 수원시 영통구 봉영로 1623 (영통동, 드림피아빌딩) 드림피아빌딩 1층 버거킹",http://www.albamon.com/list/gi/mon_gib_read.asp?AL_GI_No=60184774&mj_stat=0&optgf=
크린서비스,무관,"월급 2,000,000원","보안·경비·경호, ","경기 수원시 영통구 봉영로 1620 (영통동, 대우월드마크영통)",http://www.albamon.com/list/gi/mon_gib_read.asp?AL_GI_No=60184017&mj_stat=0&optgf=
케이앤와이즈,무관,"일급 80,000원","의류·잡화매장, 가구·침구·생활소품, 입출고·창고관리, ",경기 용인시 기흥구 고매동336-1,http://www.albamon.com/list/gi/mon_gib_read.asp?AL_GI_No=60183530&mj_stat=0&optgf=
딜리버리텐,무관,"월급 2,700,000원","매장관리·판매, 일반음식점, 배달, ","경기 수원시 영통구 덕영대로1499번길 79 (망포동, 두더지컴퓨터세탁) 101호102호",http://www.albamon.com/list/gi/mon_gib_read.asp?AL_GI_No=60183457&mj_stat=0&optgf=
충만치킨,무관,"시급 8,300원","치킨·피자전문점, 서빙, ",경기 수원시 영통구 신동 935 충만치킨,http://www.albamon.com/list/gi/mon_gib_read.asp?AL_GI_No=60182212&mj_stat=0&optgf=
맘스터치 신영통점,무관,"시급 7,530원","패스트푸드점, 캐셔·카운터, 주방장·조리사, ","경기 수원시 영통구 영통로 136 (망포동, 센트럴타워) 107호",http://www.albamon.com/list/gi/mon_gib_read.asp?AL_GI_No=60181764&mj_stat=0&optgf=
빽다방 수원영통중앙점,무관,"시급 7,530원","커피전문점, ","경기 수원시 영통구 청명남로 31 (영통동, 키라레스토아) 105-1",http://www.albamon.com/list/gi/mon_gib_read.asp?AL_GI_No=60181699&mj_stat=0&optgf=
칠성포차수원영통점,무관,"시급 8,000원","호프·일반주점, 서빙, ","경기 수원시 영통구 청명남로 31 (영통동, 키라레스토아) 210,211호",http://www.albamon.com/list/gi/mon_gib_read.asp?AL_GI_No=60181161&mj_stat=0&optgf=
트리탑스과학전문학원,무관,"시급 7,530원","입시·보습학원, 교육·강사 기타, 안내데스크, ",경기 수원시 영통구 영통동 998-6 아셈프라자 6층,http://www.albamon.com/list/gi/mon_gib_read.asp?AL_GI_No=60180991&mj_stat=0&optgf=
㈜래딕스 파트너스,무관,"시급 7,800원","유통점·마트, 서비스 기타, 보안·경비·경호, ",경기 수원시 영통구 망포동 이마트 트레이더스 수원점,http://www.albamon.com/list/gi/mon_gib_read.asp?AL_GI_No=60180813&mj_stat=0&optgf=
펀비어킹,무관,"시급 8,500원","호프·일반주점, 치킨·피자전문점, 서빙, ",경기 수원시 영통구 영통동 974-1 펀비어킹,http://www.albamon.com/list/gi/mon_gib_read.asp?AL_GI_No=60180812&mj_stat=0&optgf=
카인드짐 망포점,무관,"시급 7,530원","전단지배포, ","경기 수원시 영통구 영통로 136 (망포동, 센트럴타워) 4층 407호",http://www.albamon.com/list/gi/mon_gib_read.asp?AL_GI_No=60180446&mj_stat=0&optgf=
와우pc방,무관,"시급 7,530원","PC방, ",경기 수원시 영통구 덕영대로 1539 (영통동) 3층,http://www.albamon.com/list/gi/mon_gib_read.asp?AL_GI_No=60179746&mj_stat=0&optgf=
육장장이,무관,"시급 9,000원","일반음식점, ",경기 수원시 영통구 영통동 1010-1 월드프라자 2층 육장장이,http://www.albamon.com/list/gi/mon_gib_read.asp?AL_GI_No=60179447&mj_stat=0&optgf=
박승철 헤어스투디오,무관,"월급 1,580,000원","헤어·미용·네일샵, ",경기 수원시 영통구 망포동 322-3 골든스퀘어 3층 박승철 헤어스튜디오,http://www.albamon.com/list/gi/mon_gib_read.asp?AL_GI_No=60179404&mj_stat=0&optgf=
뚜레쥬르,무관,"시급 7,530원","베이커리·도넛·떡, 매장관리·판매, ",경기 수원시 영통구 영통동 968 동보신명상가 108호,http://www.albamon.com/list/gi/mon_gib_read.asp?AL_GI_No=60178717&mj_stat=0&optgf=
E.마트 용인물류센터 [유류비 전액지원],무관,"월급 4,000,000원","택배·퀵서비스, 유통점·마트, 쇼핑몰·소셜커머스·홈쇼핑, ","경기 용인시 기흥구 용구대로 2467 (보정동, 이마트(주)창고) 이마트 용인물류센터",http://www.albamon.com/list/gi/mon_gib_read.asp?AL_GI_No=60162517&mj_stat=0&optgf=
탑번역통역,무관,"건별 10,000원","사무보조, ","경기 수원시 영통구 반달로7번길 40 (영통동, 평익칼라스위트) 411호",http://www.albamon.com/list/gi/mon_gib_read.asp?AL_GI_No=60178118&mj_stat=0&optgf=
수학전문학원,무관,"시급 8,000원","입시·보습학원, 보조교사, ",경기 수원시 영통구 망포동 569-3 번지,http://www.albamon.com/list/gi/mon_gib_read.asp?AL_GI_No=60177712&mj_stat=0&optgf=
친절한 아이오스,무관,"일급 90,000원","입출고·창고관리, 상하차·소화물 분류, 택배·퀵서비스, ",경기 광주시 산수로 642-70 (신월리) CJ대한통운 광주 메가허브 터미널,http://www.albamon.com/list/gi/mon_gib_read.asp?AL_GI_No=60138471&mj_stat=0&optgf=
쿠팡,남자,"연봉 25,000,000원","입출고·창고관리, 쇼핑몰·소셜커머스·홈쇼핑, ",경기도 이천시 서이천로 320번길 165(표교리) 쿠팡 물류센터,http://www.albamon.com/list/gi/mon_gib_read.asp?AL_GI_No=60149450&mj_stat=0&optgf=
㈜가배2호,무관,"월급 1,700,000원","커피전문점, 바리스타, ",경기 수원시 영통구 영통동 416번저 삼성전자 R5 B타워 1층,http://www.albamon.com/list/gi/mon_gib_read.asp?AL_GI_No=60176482&mj_stat=0&optgf=
친절한 아이오스,무관,"일급 80,520원","입출고·창고관리, 상하차·소화물 분류, 쇼핑몰·소셜커머스·홈쇼핑, ",경기 광주시 산수로 642-70 (신월리) CJ대한통운 광주 메가허브 터미널,http://www.albamon.com/list/gi/mon_gib_read.asp?AL_GI_No=60138551&mj_stat=0&optgf=
엠제이,무관,"월급 2,000,000원","호프·일반주점, 노래방, 서빙, ",경기 수원시 영통구 영통동 1010-11,http://www.albamon.com/list/gi/mon_gib_read.asp?AL_GI_No=60176264&mj_stat=0&optgf=
큐브,여자,"월급 5,000,000원","바(bar), ","경기 수원시 영통구 매탄로100번길 29 (매탄동, 국제프라자) 6층 601호",http://www.albamon.com/list/gi/mon_gib_read.asp?AL_GI_No=60147389&mj_stat=0&optgf=
글램글램BAR,여자,"월급 3,800,000원","바(bar), ",경기 수원시 영통구 청명남로34번길 12 (영통동) 2층,http://www.albamon.com/list/gi/mon_gib_read.asp?AL_GI_No=60086432&mj_stat=0&optgf=
뷰 (모던bar),여자,"월급 3,200,000원","바(bar), ","경기 수원시 영통구 청명남로 32 (영통동, 월드프라자)401호 뷰",http://www.albamon.com/list/gi/mon_gib_read.asp?AL_GI_No=60086315&mj_stat=0&optgf=
쿠팡풀필먼트서비스 유한회사,무관,"월급 2,130,000원","입출고·창고관리, 포장·품질검사, 쇼핑몰·소셜커머스·홈쇼핑, ",경기도 이천시 마장면 덕평리 615번지 쿠팡덕평메가센터,http://www.albamon.com/list/gi/mon_gib_read.asp?AL_GI_No=59962758&mj_stat=0&optgf=
애슐리 수원망포점,무관,"시급 7,530원","패밀리레스토랑, ",경기 수원시 영통구 덕영대로 1566 (영통동) 판타지움 2층 애슐리,http://www.albamon.com/list/gi/mon_gib_read.asp?AL_GI_No=60176030&mj_stat=0&optgf=
디큐오퍼레이션,무관,"시급 7,530원","패스트푸드점, ","경기 수원시 영통구 봉영로 1576 (영통동, 영통홈플러스) 1층 푸드코트",http://www.albamon.com/list/gi/mon_gib_read.asp?AL_GI_No=60173949&mj_stat=0&optgf=
㈜두잉씨앤에스,남자,"일급 65,000원","유통점·마트, ","경기 수원시 영통구 봉영로 1576 (영통동, 영통홈플러스) 지하1층 미화/주차 사무실",http://www.albamon.com/list/gi/mon_gib_read.asp?AL_GI_No=60171900&mj_stat=0&optgf=
㈜프로에스콤,무관,"월급 1,860,000원","백화점·면세점, 유통점·마트, ","경기 수원시 영통구 봉영로 1576 (영통동, 영통홈플러스) 홈플러스 영통점",http://www.albamon.com/list/gi/mon_gib_read.asp?AL_GI_No=60171524&mj_stat=0&optgf=
맥스리치,여자,"시급 10,000원","이벤트·행사스텝, 나레이터모델, 판촉도우미, ","경기 수원시 팔달구 권광로 373 (우만동, 월드메르디앙 아파트) 월드주상가 1층 101호",http://www.albamon.com/list/gi/mon_gib_read.asp?AL_GI_No=60170682&mj_stat=0&optgf=
헤어다이아,무관,"월급 1,800,000원","헤어·미용·네일샵, ",경기 화성시 반송동 88-13 아이프라자 3층 헤어다이아,http://www.albamon.com/list/gi/mon_gib_read.asp?AL_GI_No=60167863&mj_stat=0&optgf=
엠제이,무관,"월급 2,000,000원","호프·일반주점, 노래방, 서빙, ",경기 수원시 영통구 영통동 1010-11,http://www.albamon.com/list/gi/mon_gib_read.asp?AL_GI_No=60143122&mj_stat=0&optgf=
쿠팡,무관,"일급 79,065원","입출고·창고관리, ",경기도 이천시 마장면 덕평리 617번지 쿠팡 덕평 물류센터,http://www.albamon.com/list/gi/mon_gib_read.asp?AL_GI_No=60130390&mj_stat=0&optgf=
쿠팡,무관,"일급 60,240원","입출고·창고관리, 포장·품질검사, 쇼핑몰·소셜커머스·홈쇼핑, ",경기도 이천시 마장면 덕평리 617번지 쿠팡 덕평 물류센터,http://www.albamon.com/list/gi/mon_gib_read.asp?AL_GI_No=60130141&mj_stat=0&optgf=
레디PC,무관,"시급 9,000원","매장관리·판매, PC방, 캐셔·카운터, ",경기 용인시 기흥구 농서로 81 (농서동) 2층 레디PC,http://www.albamon.com/list/gi/mon_gib_read.asp?AL_GI_No=60161338&mj_stat=0&optgf=
만근수당/초보자가능/장기근무자/셔틀버스/교통비/매월연차,무관,"월급 2,200,000원","제조·가공·조립, 생산·건설·노무 기타, 입출고·창고관리, ",경기 용인시 기흥구 신갈동 379-5,http://www.albamon.com/list/gi/mon_gib_read.asp?AL_GI_No=60157171&mj_stat=0&optgf=
HS (한산),여자,"월급 3,500,000원","바(bar), ","경기 화성시 동탄중심상가1길 31 (반송동, 광장타워) 404-1호",http://www.albamon.com/list/gi/mon_gib_read.asp?AL_GI_No=60094628&mj_stat=0&optgf=
디에스,여자,"월급 5,000,000원","바(bar), ",경기 화성시 진안동 874-7 4층,http://www.albamon.com/list/gi/mon_gib_read.asp?AL_GI_No=60163084&mj_stat=0&optgf=
37도씨,남자,"월급 2,000,000원","바(bar), ",경기 수원시 팔달구 인계동 1031-3 혜연빌딩 2층,http://www.albamon.com/list/gi/mon_gib_read.asp?AL_GI_No=60162773&mj_stat=0&optgf=
엠코드학원,무관,"월급 2,300,000원","입시·보습학원, 교육·강사 기타, ",경기 수원시 영통구 영통동 958-1 드림피아 빌딩 609호-614호,http://www.albamon.com/list/gi/mon_gib_read.asp?AL_GI_No=60159467&mj_stat=0&optgf=
맘스맘 수원프리미엄아울렛점,남자,"월급 2,500,000원","매장관리·판매, 복합쇼핑몰·아울렛, ","경기 용인시 기흥구 중부대로 64 (영덕동, 영통프리미엄아울렛) B동 2층 맘스맘",http://www.albamon.com/list/gi/mon_gib_read.asp?AL_GI_No=60092123&mj_stat=0&optgf=
이마트에브리데이,남자,"일급 85,000원","입출고·창고관리, 유통점·마트, ","경기 화성시 동탄대로시범길 134 (청계동, 시범반도유보라아이비파크4.0) 이마트에브리데이 동탄카림점",http://www.albamon.com/list/gi/mon_gib_read.asp?AL_GI_No=60158483&mj_stat=0&optgf=
놀숲 망포,여자,"시급 7,530원","일반음식점, 매장관리·판매, 바리스타, ","경기 수원시 영통구 영통로 195 (망포동, 골든스퀘어) 6층 놀숲",http://www.albamon.com/list/gi/mon_gib_read.asp?AL_GI_No=60156853&mj_stat=0&optgf=
케이앤와이즈,무관,"월급 1,700,000원","의류·잡화매장, 가구·침구·생활소품, 입출고·창고관리, ","경기 수원시 영통구 봉영로 1617 (영통동, 훼미리타워) 훼미리타워",http://www.albamon.com/list/gi/mon_gib_read.asp?AL_GI_No=60156231&mj_stat=0&optgf=
케이앤와이즈,무관,"월급 1,700,000원","의류·잡화매장, 가구·침구·생활소품, 입출고·창고관리, ",경기 용인시 기흥구 고매동336-1,http://www.albamon.com/list/gi/mon_gib_read.asp?AL_GI_No=60155962&mj_stat=0&optgf=
케이앤와이즈,무관,"월급 1,700,000원","의류·잡화매장, 가구·침구·생활소품, 입출고·창고관리, ",경기 용인시 기흥구 고매동336-1,http://www.albamon.com/list/gi/mon_gib_read.asp?AL_GI_No=60154848&mj_stat=0&optgf=
헤어다이아,무관,"월급 2,200,000원","헤어·미용·네일샵, 매장관리·판매, 캐셔·카운터, ",경기 수원시 영통구 영통동 959-4 다모아프라자 2층 헤어다이아,http://www.albamon.com/list/gi/mon_gib_read.asp?AL_GI_No=60150318&mj_stat=0&optgf=
㈜미샤,여자,"시급 7,530원","뷰티·헬스스토어, 유통점·마트, ","경기 수원시 영통구 봉영로 1576 (영통동, 영통홈플러스) 미샤",http://www.albamon.com/list/gi/mon_gib_read.asp?AL_GI_No=60147890&mj_stat=0&optgf=
친절한 아이오스,무관,"일급 90,000원","입출고·창고관리, 상하차·소화물 분류, 택배·퀵서비스, ",경기 광주시 산수로 642-70 (신월리) CJ대한통운 광주 메가허브 터미널,http://www.albamon.com/list/gi/mon_gib_read.asp?AL_GI_No=60102080&mj_stat=0&optgf=
쿠팡,남자,"연봉 25,000,000원","입출고·창고관리, 쇼핑몰·소셜커머스·홈쇼핑, ",경기도 이천시 서이천로 320번길 165(표교리) 쿠팡 물류센터,http://www.albamon.com/list/gi/mon_gib_read.asp?AL_GI_No=60110367&mj_stat=0&optgf=
쿠팡,무관,"연봉 25,000,000원","사무보조, ",경기 이천시 마장면 덕평리 615 덕평쿠팡물류센터,http://www.albamon.com/list/gi/mon_gib_read.asp?AL_GI_No=60110315&mj_stat=0&optgf=
친절한 아이오스,무관,"일급 80,520원","입출고·창고관리, 상하차·소화물 분류, 쇼핑몰·소셜커머스·홈쇼핑, ",경기 광주시 산수로 642-70 (신월리) CJ대한통운 광주 메가허브 터미널,http://www.albamon.com/list/gi/mon_gib_read.asp?AL_GI_No=60102059&mj_stat=0&optgf=
글램글램BAR,여자,"월급 3,800,000원","바(bar), ",경기 수원시 영통구 청명남로34번길 12 (영통동) 2층,http://www.albamon.com/list/gi/mon_gib_read.asp?AL_GI_No=60086416&mj_stat=0&optgf=
뷰 (모던bar),여자,"월급 3,200,000원","바(bar), ","경기 수원시 영통구 청명남로 32 (영통동, 월드프라자)401호 뷰",http://www.albamon.com/list/gi/mon_gib_read.asp?AL_GI_No=60086250&mj_stat=0&optgf=
큐브,여자,"월급 5,000,000원","바(bar), ","경기 수원시 영통구 매탄로100번길 29 (매탄동, 국제프라자) 6층 601호",http://www.albamon.com/list/gi/mon_gib_read.asp?AL_GI_No=60018899&mj_stat=0&optgf=
59쌀피자(영통1호점),무관,"시급 7,530원","치킨·피자전문점, ","경기 수원시 영통구 봉영로 1767 (영통동, 한솔프라자) 1층 101호",http://www.albamon.com/list/gi/mon_gib_read.asp?AL_GI_No=60143750&mj_stat=0&optgf=
갓포모리,무관,"일급 80,000원","서빙, 레스토랑, ",경기 수원시 영통구 덕영대로 1566 (영통동) 더판타지움 1층,http://www.albamon.com/list/gi/mon_gib_read.asp?AL_GI_No=60143398&mj_stat=0&optgf=
37도씨,남자,"월급 2,000,000원","바(bar), ",경기 수원시 팔달구 인계동 1031-3 혜연빌딩 2층,http://www.albamon.com/list/gi/mon_gib_read.asp?AL_GI_No=60142303&mj_stat=0&optgf=
케이앤와이즈,무관,"월급 1,600,000원","가구·침구·생활소품, 서점·문구·팬시, 백화점·면세점, ","경기 수원시 영통구 봉영로 1576 (영통동, 영통홈플러스) 모던하우스",http://www.albamon.com/list/gi/mon_gib_read.asp?AL_GI_No=60131753&mj_stat=0&optgf=
어플리케이션 테스트업무 / 신입 / 어렵지않습니다 ^^,무관,"월급 2,000,000원","인사·총무, 경리·회계보조, 사무보조, ","경기 수원시 영통구 봉영로 1670 (영통동, 청명역) 청명역",http://www.albamon.com/list/gi/mon_gib_read.asp?AL_GI_No=60130746&mj_stat=0&optgf=
[610만원-810만원]이마트24편의점 배송사원채용,무관,"월급 5,000,000원","화물·중장비·특수차, 상하차·소화물 분류, 입출고·창고관리, ",경기 수원시 영통구 영통동 1055 영통역,http://www.albamon.com/list/gi/mon_gib_read.asp?AL_GI_No=60127741&mj_stat=0&optgf=
쿠팡,무관,"일급 60,240원","입출고·창고관리, 포장·품질검사, 쇼핑몰·소셜커머스·홈쇼핑, ",경기도 이천시 마장면 덕평리 617번지 쿠팡 덕평 물류센터,http://www.albamon.com/list/gi/mon_gib_read.asp?AL_GI_No=60087499&mj_stat=0&optgf=
HS (한산),여자,"월급 3,500,000원","바(bar), ","경기 화성시 동탄중심상가1길 31 (반송동, 광장타워) 404-1호",http://www.albamon.com/list/gi/mon_gib_read.asp?AL_GI_No=60066537&mj_stat=0&optgf=
우산속,여자,"시급 20,000원","바(bar), ",경기 화성시 석우동 32-5 세비앙오피스텔 206호,http://www.albamon.com/list/gi/mon_gib_read.asp?AL_GI_No=60093926&mj_stat=0&optgf=
㈜장원교육 용인기흥지점,여자,"연봉 24,000,000원","방문·학습지, 입시·보습학원, 교육·강사 기타, ",경기 용인시 기흥구 구갈동 354-8 로얄프라자 6층,http://www.albamon.com/list/gi/mon_gib_read.asp?AL_GI_No=60077138&mj_stat=0&optgf=
디에스,여자,"월급 5,000,000원","바(bar), ",경기 화성시 진안동 874-7 4층,http://www.albamon.com/list/gi/mon_gib_read.asp?AL_GI_No=60124428&mj_stat=0&optgf=
37도씨,남자,"월급 2,000,000원","바(bar), ",경기 수원시 팔달구 인계동 1031-3 혜연빌딩 2층,http://www.albamon.com/list/gi/mon_gib_read.asp?AL_GI_No=60124358&mj_stat=0&optgf=
아이리스 BAR&CAFE,여자,"월급 4,000,000원","바(bar), ","경기 수원시 영통구 청명로77번길 33 (영통동, 순빌딩) 4층",http://www.albamon.com/list/gi/mon_gib_read.asp?AL_GI_No=60123963&mj_stat=0&optgf=
월-토 주간고정 / 초보자 가능 / 40대 가능,무관,"월급 2,600,000원","농수산·청과·축산, 유통·판매 기타, ","경기 용인시 기흥구 덕영대로 1994 (상갈동, 고려냉장) (주)에스와이지",http://www.albamon.com/list/gi/mon_gib_read.asp?AL_GI_No=60122648&mj_stat=0&optgf=
더스타,여자,"월급 4,500,000원","바(bar), ","경기 수원시 영통구 청명남로 30 (영통동, 거성빌딩) 602호 더스타",http://www.albamon.com/list/gi/mon_gib_read.asp?AL_GI_No=60122305&mj_stat=0&optgf=
박지성축구센터,남자,"월급 1,000,000원","교육·강사 기타, 피트니스·스포츠, 예체능 강사, ",경기 수원시 영통구 반정로 216 (망포동) 박지성축구센터,http://www.albamon.com/list/gi/mon_gib_read.asp?AL_GI_No=60115869&mj_stat=0&optgf=
생각대로 수원 영통지사,무관,"건별 3,300원","배달, ",경기 수원시 팔달구 경수대로 430 (인계동) 2층 생각대로,http://www.albamon.com/list/gi/mon_gib_read.asp?AL_GI_No=60116862&mj_stat=0&optgf=
3F BAR (삼층),여자,"월급 4,900,000원","바(bar), ","경기 수원시 영통구 청명남로 32 (영통동, 월드프라자) 3층 3F BAR",http://www.albamon.com/list/gi/mon_gib_read.asp?AL_GI_No=60116037&mj_stat=0&optgf=
황선생영어,무관,"시급 9,000원","입시·보습학원, 보조교사, ","경기 수원시 영통구 영통동 1038-14번지, 201호",http://www.albamon.com/list/gi/mon_gib_read.asp?AL_GI_No=60115534&mj_stat=0&optgf=
헤어다이아,무관,"월급 2,200,000원","헤어·미용·네일샵, 매장관리·판매, 캐셔·카운터, ",경기 수원시 영통구 영통동 959-4 다모아프라자 2층 헤어다이아,http://www.albamon.com/list/gi/mon_gib_read.asp?AL_GI_No=60112977&mj_stat=0&optgf=
크린서비스,무관,"월급 2,000,000원","보안·경비·경호, ","경기 수원시 영통구 봉영로 1620 (영통동, 대우월드마크영통)",http://www.albamon.com/list/gi/mon_gib_read.asp?AL_GI_No=60109764&mj_stat=0&optgf=
아제커뮤니케이션,여자,"일급 100,000원","유통점·마트, 판촉도우미, ","경기 수원시 영통구 봉영로 1576 (영통동, 영통홈플러스) 홈플러스 영통점 가전매장",http://www.albamon.com/list/gi/mon_gib_read.asp?AL_GI_No=60109100&mj_stat=0&optgf=
후,여자,"월급 3,500,000원","바(bar), ",경기 수원시 영통구 매영로415번길 42-24 (영통동) 1층후카페,http://www.albamon.com/list/gi/mon_gib_read.asp?AL_GI_No=60106373&mj_stat=0&optgf=
친절한 아이오스,무관,"일급 90,000원","입출고·창고관리, 상하차·소화물 분류, 택배·퀵서비스, ",경기 광주시 산수로 642-70 (신월리) CJ대한통운 광주 메가허브 터미널,http://www.albamon.com/list/gi/mon_gib_read.asp?AL_GI_No=60075038&mj_stat=0&optgf=
친절한 아이오스,무관,"일급 80,520원","입출고·창고관리, 상하차·소화물 분류, 쇼핑몰·소셜커머스·홈쇼핑, ",경기 광주시 산수로 642-70 (신월리) CJ대한통운 광주 메가허브 터미널,http://www.albamon.com/list/gi/mon_gib_read.asp?AL_GI_No=60076055&mj_stat=0&optgf=
박승철 헤어스투디오,무관,"월급 1,580,000원","헤어·미용·네일샵, ",경기 수원시 영통구 망포동 322-3 골든스퀘어 3층 박승철 헤어스튜디오,http://www.albamon.com/list/gi/mon_gib_read.asp?AL_GI_No=60042378&mj_stat=0&optgf=
유성워크넷,여자,"월급 2,000,000원","사무보조, 고객상담·인바운드, ",근무지는 범계역 앞 입니다,http://www.albamon.com/list/gi/mon_gib_read.asp?AL_GI_No=60092742&mj_stat=0&optgf=
[ 월450만원 ] [ 당신을 위한 직업 ],무관,"월급 4,500,000원","택배·퀵서비스, 대리운전·일반운전, 생산·건설·노무 기타, ",[해당 공고지역 중 한 개동 담당 배정] [해당지역 기사님 월 평균 급여 457만원],http://www.albamon.com/list/gi/mon_gib_read.asp?AL_GI_No=60030864&mj_stat=0&optgf=
주간월250이상가능#생활용품분류#정규직#동반및초보환영,무관,"월급 2,800,000원","제조·가공·조립, 입출고·창고관리, 포장·품질검사, ","경기 수원시 영통구 영통로 498 (영통동, 황골마을주공1단지아파트) 1",http://www.albamon.com/list/gi/mon_gib_read.asp?AL_GI_No=60006427&mj_stat=0&optgf=
뷰 (모던bar),여자,"월급 3,200,000원","바(bar), ","경기 수원시 영통구 청명남로 32 (영통동, 월드프라자)401호 뷰",http://www.albamon.com/list/gi/mon_gib_read.asp?AL_GI_No=60086226&mj_stat=0&optgf=
글램글램BAR,여자,"월급 3,800,000원","바(bar), ",경기 수원시 영통구 청명남로34번길 12 (영통동) 2층,http://www.albamon.com/list/gi/mon_gib_read.asp?AL_GI_No=60085922&mj_stat=0&optgf=
큐브,여자,"월급 5,000,000원","바(bar), ","경기 수원시 영통구 매탄로100번길 29 (매탄동, 국제프라자) 6층 601호",http://www.albamon.com/list/gi/mon_gib_read.asp?AL_GI_No=60018888&mj_stat=0&optgf=
디에스,여자,"월급 5,000,000원","바(bar), ",경기 화성시 진안동 874-7 4층,http://www.albamon.com/list/gi/mon_gib_read.asp?AL_GI_No=60102676&mj_stat=0&optgf=
37도씨,여자,"월급 5,000,000원","바(bar), ",경기 수원시 팔달구 인계동 1031-3번지 2층 37도,http://www.albamon.com/list/gi/mon_gib_read.asp?AL_GI_No=60100872&mj_stat=0&optgf=
37도씨,남자,"월급 2,000,000원","바(bar), ",경기 수원시 팔달구 인계동 1031-3 혜연빌딩 2층,http://www.albamon.com/list/gi/mon_gib_read.asp?AL_GI_No=60100854&mj_stat=0&optgf=
어사출또 경희대점,무관,"월급 2,400,000원","서빙, 주방보조·설거지, 매장관리·판매, ",경기 수원시 영통구 청명로 10 (영통동) 마크타워 1층 어사출또,http://www.albamon.com/list/gi/mon_gib_read.asp?AL_GI_No=60099880&mj_stat=0&optgf=
㈜DMB정보통신,여자,"월급 2,000,000원","휴대폰·전자기기매장, ",경기 수원시 영통구 영통동 980-3번지 디지털엠파이어빌딩 A동 1405호,http://www.albamon.com/list/gi/mon_gib_read.asp?AL_GI_No=60097347&mj_stat=0&optgf=
㈜DMB정보통신,남자,"월급 2,000,000원","일반영업·판매, 마케팅·광고·홍보, 영업관리·지원, ",경기 수원시 영통구 영통동 980-3번지 디지털엠파이어빌딩 A동 1405호,http://www.albamon.com/list/gi/mon_gib_read.asp?AL_GI_No=60097317&mj_stat=0&optgf=
몸 힘들어도 남들보다 돈 많이벌자/면허1종2종운전가능자,무관,"월급 5,000,000원","택배·퀵서비스, 대리운전·일반운전, 배달, ",서울.경기.인천/지역협의/신입경력모집/신용무관,http://www.albamon.com/list/gi/mon_gib_read.asp?AL_GI_No=60069932&mj_stat=0&optgf=
정규직으로 일하는 다이소물류센터,남자,"월급 2,800,000원","입출고·창고관리, 포장·품질검사, ",경기 용인시 처인구 남사면 북리 608-23 용인 다이소 허브센터,http://www.albamon.com/list/gi/mon_gib_read.asp?AL_GI_No=60092961&mj_stat=0&optgf=
주식회사 엔케이씨 광교에듀타운점,무관,"월급 1,500,000원","휴대폰·전자기기매장, ","경기 수원시 영통구 에듀타운로 25 (이의동, 명품프라자) 명품프라자 1층 KT 대리점",http://www.albamon.com/list/gi/mon_gib_read.asp?AL_GI_No=60091278&mj_stat=0&optgf=
디큐오퍼레이션,무관,"시급 7,530원","패스트푸드점, ","경기 수원시 영통구 봉영로 1576 (영통동, 영통홈플러스) 1층 푸드코트",http://www.albamon.com/list/gi/mon_gib_read.asp?AL_GI_No=60089878&mj_stat=0&optgf=
㈜맨토스파트너,남자,"월급 736,000원","포장·품질검사, 입출고·창고관리, 생산·건설·노무 기타, ","경기 수원시 영통구 봉영로 1590 (영통동, 밀레니엄프라자) 다이소",http://www.albamon.com/list/gi/mon_gib_read.asp?AL_GI_No=60089763&mj_stat=0&optgf=
신세계 이마트몰 마트배송 배송기사 배송업,무관,"월급 4,000,000원","유통점·마트, 화물·중장비·특수차, 배달, ","경기 수원시 권선구 경수대로 270 (권선동, 터미널동,할인점동) 이마트 수원점",http://www.albamon.com/list/gi/mon_gib_read.asp?AL_GI_No=60068300&mj_stat=0&optgf=
초보자 동승교육/대기업소속근무/톨비지원/단일품목,남자,"월급 5,000,000원","화물·중장비·특수차, 대리운전·일반운전, 생산·건설·노무 기타, ",[거주지인근센터배정][초보가능][친구와함께지원가능],http://www.albamon.com/list/gi/mon_gib_read.asp?AL_GI_No=60020878&mj_stat=0&optgf=
러쉬코리아,무관,"월급 1,914,025원","백화점·면세점, 뷰티·헬스스토어, 매장관리·판매, ",경기도 용인시 수지구 포은대로 536 신세계백화점 지하 2층[러쉬]신세계 경기,http://www.albamon.com/list/gi/mon_gib_read.asp?AL_GI_No=60033923&mj_stat=0&optgf=
쿠팡,무관,"일급 79,065원","입출고·창고관리, ",경기도 이천시 마장면 덕평리 617번지 쿠팡 덕평 물류센터,http://www.albamon.com/list/gi/mon_gib_read.asp?AL_GI_No=60048574&mj_stat=0&optgf=
쿠팡,무관,"일급 60,240원","입출고·창고관리, 포장·품질검사, 쇼핑몰·소셜커머스·홈쇼핑, ",경기도 이천시 마장면 덕평리 617번지 쿠팡 덕평 물류센터,http://www.albamon.com/list/gi/mon_gib_read.asp?AL_GI_No=60048478&mj_stat=0&optgf=
짧은 근무 / 유류 톨비 지원,무관,"월급 3,400,000원","대리운전·일반운전, 택배·퀵서비스, 화물·중장비·특수차, ",거주지 인근 배정,http://www.albamon.com/list/gi/mon_gib_read.asp?AL_GI_No=60022244&mj_stat=0&optgf=
아직도 구직 사이트만 보고 계십니까,무관,"월급 3,800,000원","택배·퀵서비스, 공사·건설현장, 제조·가공·조립, ",거주지인근 우선배정/수익보장근무지 배정/희망근무지 배정/신입사원 초기정착금 지원 및 적응프로그램 운영,http://www.albamon.com/list/gi/mon_gib_read.asp?AL_GI_No=60076241&mj_stat=0&optgf=
대기업 원청계약법인 ㈜월드비전종합물류,무관,"연봉 60,000,000원","화물·중장비·특수차, 택배·퀵서비스, 택시·버스운전, ","서울 양천구 목동동로 293 (목동, 현대41타워) 2711",http://www.albamon.com/list/gi/mon_gib_read.asp?AL_GI_No=60044433&mj_stat=0&optgf=
롯데택배,무관,"월급 4,500,000원","택배·퀵서비스, 배달, 화물·중장비·특수차, ",영통구 광교동,http://www.albamon.com/list/gi/mon_gib_read.asp?AL_GI_No=60073245&mj_stat=0&optgf=
HS (한산),여자,"월급 3,500,000원","바(bar), ","경기 화성시 동탄중심상가1길 31 (반송동, 광장타워) 404-1호",http://www.albamon.com/list/gi/mon_gib_read.asp?AL_GI_No=60018109&mj_stat=0&optgf=
37도씨,여자,"월급 5,000,000원","바(bar), ",경기 수원시 팔달구 인계동 1031-3번지 2층 37도,http://www.albamon.com/list/gi/mon_gib_read.asp?AL_GI_No=60081876&mj_stat=0&optgf=
디에스,여자,"월급 5,000,000원","바(bar), ",경기 화성시 진안동 874-7 4층,http://www.albamon.com/list/gi/mon_gib_read.asp?AL_GI_No=60080996&mj_stat=0&optgf=
영통동 싱싱할인마트,여자,"시급 9,000원","유통·판매 기타, ","경기 수원시 영통구 봉영로 1540 (영통동, 살구마을아파트) 지하1층 싱싱할인마트",http://www.albamon.com/list/gi/mon_gib_read.asp?AL_GI_No=60079285&mj_stat=0&optgf=
Body Coach,무관,"연봉 36,000,000원","예체능 강사, 피트니스·스포츠, 교육·강사 기타, ","경기 수원시 영통구 영통로 136 (망포동, 센트럴타워) 6층",http://www.albamon.com/list/gi/mon_gib_read.asp?AL_GI_No=60078734&mj_stat=0&optgf=
주식회사 알투스컴퍼니,무관,"일급 64,800원","입출고·창고관리, 포장·품질검사, ",경기 수원시 영통구 원천동 288-1,http://www.albamon.com/list/gi/mon_gib_read.asp?AL_GI_No=60072005&mj_stat=0&optgf=
DMC System㈜,무관,"월급 1,600,000원","고객상담·인바운드, 영업관리·지원, PC·디지털기기 설치·관리, ",경기 수원시 영통구 영통동 980-3번지 디지털엠파이어빌딩 A동 404호,http://www.albamon.com/list/gi/mon_gib_read.asp?AL_GI_No=60070910&mj_stat=0&optgf=
디큐오퍼레이션,무관,"시급 7,530원","패스트푸드점, ","경기 수원시 영통구 봉영로 1576 (영통동, 영통홈플러스) 1층 푸드코트",http://www.albamon.com/list/gi/mon_gib_read.asp?AL_GI_No=60068293&mj_stat=0&optgf=
헤어다이아,무관,"월급 2,200,000원","헤어·미용·네일샵, 매장관리·판매, 캐셔·카운터, ",경기 수원시 영통구 영통동 959-4 다모아프라자 2층 헤어다이아,http://www.albamon.com/list/gi/mon_gib_read.asp?AL_GI_No=60066883&mj_stat=0&optgf=
㈜DMB정보통신,여자,"월급 2,000,000원","휴대폰·전자기기매장, ",경기 수원시 영통구 영통동 980-3번지 디지털엠파이어빌딩 A동 1405호,http://www.albamon.com/list/gi/mon_gib_read.asp?AL_GI_No=60061406&mj_stat=0&optgf=
에이스,여자,"월급 4,000,000원","바(bar), ",경기 수원시 영통구 영통동 1025-3번지 2층,http://www.albamon.com/list/gi/mon_gib_read.asp?AL_GI_No=60059917&mj_stat=0&optgf=
[610만원-810만원]이마트24편의점 배송사원채용,무관,"월급 5,000,000원","화물·중장비·특수차, 상하차·소화물 분류, 입출고·창고관리, ",경기 수원시 영통구 영통동 1055 영통역,http://www.albamon.com/list/gi/mon_gib_read.asp?AL_GI_No=60055744&mj_stat=0&optgf=
[610만원-810만원]이마트24편의점 배송사원채용,무관,"월급 5,000,000원","화물·중장비·특수차, 상하차·소화물 분류, 입출고·창고관리, ",경기 수원시 영통구 영통동 1055 영통역,http://www.albamon.com/list/gi/mon_gib_read.asp?AL_GI_No=60055738&mj_stat=0&optgf=
분짜라붐 수원영통점,무관,"월급 2,500,000원","서빙, 주방장·조리사, 매장관리·판매, ","경기 수원시 영통구 청명남로 25 (영통동) 103,207호",http://www.albamon.com/list/gi/mon_gib_read.asp?AL_GI_No=60003263&mj_stat=0&optgf=
연세내과의원,무관,"월급 1,600,000원","사무보조, ",경기 수원시 영통구 영통동 958-1 드림피아빌딩 309호 연세내과의원,http://www.albamon.com/list/gi/mon_gib_read.asp?AL_GI_No=60057954&mj_stat=0&optgf=
큐브,여자,"월급 5,000,000원","바(bar), ","경기 수원시 영통구 매탄로100번길 29 (매탄동, 국제프라자) 6층 601호",http://www.albamon.com/list/gi/mon_gib_read.asp?AL_GI_No=60018867&mj_stat=0&optgf=
뷰 (모던bar),여자,"월급 3,200,000원","바(bar), ","경기 수원시 영통구 청명남로 32 (영통동, 월드프라자)401호 뷰",http://www.albamon.com/list/gi/mon_gib_read.asp?AL_GI_No=59976661&mj_stat=0&optgf=
글램글램BAR,여자,"월급 3,800,000원","바(bar), ",경기 수원시 영통구 청명남로34번길 12 (영통동) 2층,http://www.albamon.com/list/gi/mon_gib_read.asp?AL_GI_No=59863746&mj_stat=0&optgf=
보용만두 영통직영점,무관,"시급 7,600원","일반음식점, 서빙, 캐셔·카운터, ",경기 수원시 영통구 영일로 16 (영통동) 1층(1016-1번지),http://www.albamon.com/list/gi/mon_gib_read.asp?AL_GI_No=59936719&mj_stat=0&optgf=
쿠팡,무관,"일급 60,240원","입출고·창고관리, 포장·품질검사, 쇼핑몰·소셜커머스·홈쇼핑, ",경기도 이천시 마장면 덕평리 617번지 쿠팡 덕평 물류센터,http://www.albamon.com/list/gi/mon_gib_read.asp?AL_GI_No=60019717&mj_stat=0&optgf=
HS (한산),여자,"월급 3,500,000원","바(bar), ","경기 화성시 동탄중심상가1길 31 (반송동, 광장타워) 404-1호",http://www.albamon.com/list/gi/mon_gib_read.asp?AL_GI_No=60018092&mj_stat=0&optgf=
에이치로지스 ( H로지스 ),남자,"월급 2,700,000원","대리운전·일반운전, ","경기 수원시 영통구 봉영로 1576 (영통동, 영통홈플러스) 지상4층 홈플러스주차장내",http://www.albamon.com/list/gi/mon_gib_read.asp?AL_GI_No=60046416&mj_stat=0&optgf=
라인(bar)카페,여자,"월급 4,000,000원","바(bar), ",경기 수원시 영통구 영통동 1032-8,http://www.albamon.com/list/gi/mon_gib_read.asp?AL_GI_No=60045392&mj_stat=0&optgf=
㈜두잉씨앤에스,남자,"일급 65,000원","유통점·마트, ","경기 수원시 영통구 봉영로 1576 (영통동, 영통홈플러스) 지하1층 미화/주차 사무실",http://www.albamon.com/list/gi/mon_gib_read.asp?AL_GI_No=60042709&mj_stat=0&optgf=
친절한 아이오스,무관,"일급 80,520원","입출고·창고관리, 상하차·소화물 분류, 택배·퀵서비스, ",경기 광주시 산수로 642-70 (신월리) CJ대한통운 광주 메가허브 터미널,http://www.albamon.com/list/gi/mon_gib_read.asp?AL_GI_No=59991425&mj_stat=0&optgf=
엉터리생고기 영통경희대점,무관,"시급 7,800원","일반음식점, 패밀리레스토랑, 서빙, ","경기 수원시 영통구 매영로393번길 33 (영통동, 영혁빌딩) 2층",http://www.albamon.com/list/gi/mon_gib_read.asp?AL_GI_No=59987004&mj_stat=0&optgf=
수원우편집중국,무관,"시급 7,530원","유통·판매 기타, 입출고·창고관리, ",경기 수원시 영통구 영통동 997 수원우편집중국,http://www.albamon.com/list/gi/mon_gib_read.asp?AL_GI_No=59574977&mj_stat=0&optgf=
쿠팡풀필먼트서비스 유한회사,무관,"일급 79,065원","입출고·창고관리, 포장·품질검사, 쇼핑몰·소셜커머스·홈쇼핑, ",경기 여주시 점봉동 204-3,http://www.albamon.com/list/gi/mon_gib_read.asp?AL_GI_No=59985677&mj_stat=0&optgf=
큐브,여자,"월급 5,000,000원","바(bar), ","경기 수원시 영통구 매탄로100번길 29 (매탄동, 국제프라자) 6층 601호",http://www.albamon.com/list/gi/mon_gib_read.asp?AL_GI_No=60018852&mj_stat=0&optgf=
슈코우,무관,"월급 2,000,000원","레스토랑, 일반음식점, 호프·일반주점, ",경기 수원시 영통구 청명남로12번길 9 (영통동) 1층,http://www.albamon.com/list/gi/mon_gib_read.asp?AL_GI_No=59939219&mj_stat=0&optgf=
뷰 (모던bar),여자,"월급 3,200,000원","바(bar), ","경기 수원시 영통구 청명남로 32 (영통동, 월드프라자)401호 뷰",http://www.albamon.com/list/gi/mon_gib_read.asp?AL_GI_No=59976655&mj_stat=0&optgf=
글램글램BAR,여자,"월급 3,800,000원","바(bar), ",경기 수원시 영통구 청명남로34번길 12 (영통동) 2층,http://www.albamon.com/list/gi/mon_gib_read.asp?AL_GI_No=59863728&mj_stat=0&optgf=
해오름,여자,"시급 7,600원","일반음식점, 서빙, 주방장·조리사, ",경기 수원시 영통구 영통동 영통1동 1024-16,http://www.albamon.com/list/gi/mon_gib_read.asp?AL_GI_No=60034987&mj_stat=0&optgf=
더스타,여자,"월급 4,500,000원","바(bar), ","경기 수원시 영통구 청명남로 30 (영통동, 거성빌딩) 602호 더스타",http://www.albamon.com/list/gi/mon_gib_read.asp?AL_GI_No=60032592&mj_stat=0&optgf=
헤어다이아,무관,"월급 1,800,000원","헤어·미용·네일샵, ",경기 화성시 반송동 88-13 아이프라자 3층 헤어다이아,http://www.albamon.com/list/gi/mon_gib_read.asp?AL_GI_No=60027588&mj_stat=0&optgf=
다이소,남자,"월급 2,200,000원","입출고·창고관리, 포장·품질검사, ","경기 용인시 처인구 남사면 북리 통근 버스 운행(오산옆, 용인 남사 다이소 HUB 센터)",http://www.albamon.com/list/gi/mon_gib_read.asp?AL_GI_No=60023306&mj_stat=0&optgf=
상여100% #정규직 가능 #업무 강도 매우 낮음(꿀),무관,"월급 1,700,000원","생산·건설·노무 기타, 포장·품질검사, 제조·가공·조립, ",경기도 화성시 동탄 it단지 근방 (석우동),http://www.albamon.com/list/gi/mon_gib_read.asp?AL_GI_No=59971967&mj_stat=0&optgf=
곱창속으로,무관,"시급 8,000원","일반음식점, 서빙, 서비스 기타, ",경기 수원시 영통구 영통로213번길 24 (영통동) 1층 102호,http://www.albamon.com/list/gi/mon_gib_read.asp?AL_GI_No=60015418&mj_stat=0&optgf=
HS (한산),여자,"월급 3,500,000원","바(bar), ","경기 화성시 동탄중심상가1길 31 (반송동, 광장타워) 404-1호",http://www.albamon.com/list/gi/mon_gib_read.asp?AL_GI_No=59967822&mj_stat=0&optgf=
㈜동화세상에듀코 수원지사,무관,"월급 2,000,000원","방문·학습지, ",경기 수원시 영통구 영통동 958-1 드림피아 301호 동화세상에듀코,http://www.albamon.com/list/gi/mon_gib_read.asp?AL_GI_No=59963355&mj_stat=0&optgf=
큐브,여자,"월급 5,000,000원","바(bar), ","경기 수원시 영통구 매탄로100번길 29 (매탄동, 국제프라자) 6층 601호",http://www.albamon.com/list/gi/mon_gib_read.asp?AL_GI_No=60011541&mj_stat=0&optgf=
꼬꼬아찌 숯불치킨,무관,"시급 8,000원","치킨·피자전문점, ","경기 수원시 영통구 청명남로28번길 7 (영통동) 105,106호(영통동,메카텔)",http://www.albamon.com/list/gi/mon_gib_read.asp?AL_GI_No=60007887&mj_stat=0&optgf=
㈜두잉씨앤에스,남자,"월급 1,300,000원","유통점·마트, ","경기 수원시 영통구 봉영로 1576 (영통동, 영통홈플러스) 지하1층 미화/주차 사무실",http://www.albamon.com/list/gi/mon_gib_read.asp?AL_GI_No=60007491&mj_stat=0&optgf=
㈜장원교육 용인기흥지점,여자,"연봉 24,000,000원","방문·학습지, 입시·보습학원, 교육·강사 기타, ",경기 용인시 기흥구 구갈동 354-8 로얄프라자 6층,http://www.albamon.com/list/gi/mon_gib_read.asp?AL_GI_No=60004263&mj_stat=0&optgf=
디큐오퍼레이션,무관,"시급 7,530원","패스트푸드점, ","경기 수원시 영통구 봉영로 1576 (영통동, 영통홈플러스) 1층 푸드코트",http://www.albamon.com/list/gi/mon_gib_read.asp?AL_GI_No=60002934&mj_stat=0&optgf=
헤어다이아,무관,"월급 2,200,000원","헤어·미용·네일샵, 매장관리·판매, 캐셔·카운터, ",경기 수원시 영통구 영통동 959-4 다모아프라자 2층 헤어다이아,http://www.albamon.com/list/gi/mon_gib_read.asp?AL_GI_No=60001291&mj_stat=0&optgf=
이마트에브리데이,남자,"일급 85,000원","입출고·창고관리, 유통점·마트, ","경기 화성시 동탄대로시범길 134 (청계동, 시범반도유보라아이비파크4.0) 이마트에브리데이 동탄카림점",http://www.albamon.com/list/gi/mon_gib_read.asp?AL_GI_No=59999457&mj_stat=0&optgf=
슈코우,무관,"월급 2,000,000원","레스토랑, 일반음식점, 호프·일반주점, ",경기 수원시 영통구 청명남로12번길 9 (영통동) 1층,http://www.albamon.com/list/gi/mon_gib_read.asp?AL_GI_No=59932761&mj_stat=0&optgf=
친절한 아이오스,무관,"일급 80,520원","입출고·창고관리, 상하차·소화물 분류, 택배·퀵서비스, ",경기 광주시 산수로 642-70 (신월리) CJ대한통운 광주 메가허브 터미널,http://www.albamon.com/list/gi/mon_gib_read.asp?AL_GI_No=59935433&mj_stat=0&optgf=
주식회사 알투스컴퍼니,무관,"일급 64,800원","입출고·창고관리, 포장·품질검사, ",경기 수원시 영통구 원천동 288-1,http://www.albamon.com/list/gi/mon_gib_read.asp?AL_GI_No=59984594&mj_stat=0&optgf=
뷰 (모던bar),여자,"월급 3,200,000원","바(bar), ","경기 수원시 영통구 청명남로 32 (영통동, 월드프라자)401호 뷰",http://www.albamon.com/list/gi/mon_gib_read.asp?AL_GI_No=59976645&mj_stat=0&optgf=
글램글램BAR,여자,"월급 3,800,000원","바(bar), ",경기 수원시 영통구 청명남로34번길 12 (영통동) 2층,http://www.albamon.com/list/gi/mon_gib_read.asp?AL_GI_No=59863717&mj_stat=0&optgf=
글로리MMA휘트니스 영통점,무관,"월급 2,000,000원","예체능 강사, 피트니스·스포츠, ",경기 수원시 영통구 영통동 998-1번지 평익빌딩9층,http://www.albamon.com/list/gi/mon_gib_read.asp?AL_GI_No=59921618&mj_stat=0&optgf=
엠코드학원,무관,"시급 10,000원","입시·보습학원, 보조교사, ",경기 수원시 영통구 영통동 609호-614호,http://www.albamon.com/list/gi/mon_gib_read.asp?AL_GI_No=59993202&mj_stat=0&optgf=
맥스피드PC,무관,"시급 8,000원","PC방, ",경기 수원시 영통구 매영로 432 (영통동) 2층 맥스피드PC방,http://www.albamon.com/list/gi/mon_gib_read.asp?AL_GI_No=59993121&mj_stat=0&optgf=
주식회사 제이와이코리아,무관,"월급 2,400,000원","제조·가공·조립, 포장·품질검사, 입출고·창고관리, ",경기 용인시 기흥구 상갈동 246-6,http://www.albamon.com/list/gi/mon_gib_read.asp?AL_GI_No=59991132&mj_stat=0&optgf=
37도씨,여자,"월급 5,000,000원","바(bar), ",경기 수원시 팔달구 인계동 1031-3번지 2층 37도,http://www.albamon.com/list/gi/mon_gib_read.asp?AL_GI_No=59991112&mj_stat=0&optgf=
파티,여자,"월급 5,000,000원","바(bar), ",경기 수원시 영통구 영통동 974-7 3층,http://www.albamon.com/list/gi/mon_gib_read.asp?AL_GI_No=59990085&mj_stat=0&optgf=
더스타,여자,"월급 4,500,000원","바(bar), ","경기 수원시 영통구 청명남로 30 (영통동, 거성빌딩) 602호 더스타",http://www.albamon.com/list/gi/mon_gib_read.asp?AL_GI_No=59987772&mj_stat=0&optgf=
㈜두잉씨앤에스,남자,"월급 1,300,000원","유통점·마트, ","경기 수원시 영통구 봉영로 1576 (영통동, 영통홈플러스) 지하1층 미화/주차 사무실",http://www.albamon.com/list/gi/mon_gib_read.asp?AL_GI_No=59985516&mj_stat=0&optgf=
㈜민스샵,여자,"시급 8,000원","입출고·창고관리, 포장·품질검사, 제조·가공·조립, ",경기 수원시 영통구 영통동 974-2번지 민스빌딩 2층 3층,http://www.albamon.com/list/gi/mon_gib_read.asp?AL_GI_No=59982831&mj_stat=0&optgf=
"정년없는고수익/1,2종오토초보환영",무관,"월급 4,800,000원","택배·퀵서비스, ",거주지 인근 근무 or 희망지역 배차,http://www.albamon.com/list/gi/mon_gib_read.asp?AL_GI_No=59982234&mj_stat=0&optgf=
㈜두잉씨앤에스,남자,"월급 1,300,000원","유통점·마트, ","경기 수원시 영통구 봉영로 1576 (영통동, 영통홈플러스) 지하1층 미화/주차 사무실",http://www.albamon.com/list/gi/mon_gib_read.asp?AL_GI_No=59979327&mj_stat=0&optgf=
㈜에스맨,무관,"월급 2,100,000원","생산·건설·노무 기타, 제조·가공·조립, 공사·건설현장, ",경기 수원시 영통구 망포동 414-1,http://www.albamon.com/list/gi/mon_gib_read.asp?AL_GI_No=59978133&mj_stat=0&optgf=
쿠팡,무관,"연봉 25,000,000원","사무보조, ",경기 이천시 마장면 덕평리 615 덕평쿠팡물류센터,http://www.albamon.com/list/gi/mon_gib_read.asp?AL_GI_No=59932616&mj_stat=0&optgf=
쿠팡,무관,"일급 79,065원","입출고·창고관리, ",경기도 이천시 마장면 덕평리 617번지 쿠팡 덕평 물류센터,http://www.albamon.com/list/gi/mon_gib_read.asp?AL_GI_No=59931965&mj_stat=0&optgf=
쿠팡,무관,"일급 79,065원","입출고·창고관리, ",경기도 이천시 마장면 덕평리 617번지 쿠팡 덕평 물류센터,http://www.albamon.com/list/gi/mon_gib_read.asp?AL_GI_No=59931961&mj_stat=0&optgf=
쿠팡,무관,"일급 60,240원","입출고·창고관리, 포장·품질검사, 쇼핑몰·소셜커머스·홈쇼핑, ",경기도 이천시 마장면 덕평리 617번지 쿠팡 덕평 물류센터,http://www.albamon.com/list/gi/mon_gib_read.asp?AL_GI_No=59931667&mj_stat=0&optgf=
만근수당/초보자가능/장기근무자/셔틀버스/교통비/매월연차,무관,"월급 1,900,000원","제조·가공·조립, 생산·건설·노무 기타, 입출고·창고관리, ",경기 용인시 기흥구 신갈동 379-5,http://www.albamon.com/list/gi/mon_gib_read.asp?AL_GI_No=59973011&mj_stat=0&optgf=
긴급채용/유명종합가구배송/카사미아/하우져/쉬운배송,무관,"월급 5,000,000원","택배·퀵서비스, 화물·중장비·특수차, 대리운전·일반운전, ",용인/긴급채용/쉬운업무/2인1조/월800최대1200이상/신불가능/가구배송,http://www.albamon.com/list/gi/mon_gib_read.asp?AL_GI_No=59964806&mj_stat=0&optgf=
HS (한산),여자,"월급 3,500,000원","바(bar), ","경기 화성시 동탄중심상가1길 31 (반송동, 광장타워) 404-1호",http://www.albamon.com/list/gi/mon_gib_read.asp?AL_GI_No=59799458&mj_stat=0&optgf=
스탭스,무관,"연봉 28,980,000원","공공기관·공기업·협회, 학교·도서관·교육기관, 시스템·네트워크·보안, ","경기 용인시 기흥구 덕영대로 1732 (서천동, 경희대학교국제캠퍼스) 경희대학교 국제캠퍼스",http://www.albamon.com/list/gi/mon_gib_read.asp?AL_GI_No=59940234&mj_stat=0&optgf=
37도씨,여자,"월급 5,000,000원","바(bar), ",경기 수원시 팔달구 인계동 1031-3번지 2층 37도,http://www.albamon.com/list/gi/mon_gib_read.asp?AL_GI_No=59973033&mj_stat=0&optgf=
카리스,여자,"시급 20,000원","바(bar), ","경기 수원시 영통구 영일로6번길 54 (영통동, 일번지프라자빌딩) 201호",http://www.albamon.com/list/gi/mon_gib_read.asp?AL_GI_No=59972610&mj_stat=0&optgf=
휴대폰특판매장,무관,"월급 3,500,000원","휴대폰·전자기기매장, ","경기 수원시 영통구 반달로 21 (영통동, 매직프라자) 1층 휴대폰특판매장",http://www.albamon.com/list/gi/mon_gib_read.asp?AL_GI_No=59969434&mj_stat=0&optgf=
녀bar,여자,"월급 5,000,000원","바(bar), ",경기 화성시 반송동 88-5번지,http://www.albamon.com/list/gi/mon_gib_read.asp?AL_GI_No=59968531&mj_stat=0&optgf=
㈜다이에나롤랑,무관,"월급 3,000,000원","유통점·마트, 사무보조, 입출고·창고관리, ",경기 수원시 영통구 영통동 994-2 영통홈플러스,http://www.albamon.com/list/gi/mon_gib_read.asp?AL_GI_No=59967012&mj_stat=0&optgf=
홈플러스 수원영통점,무관,"월급 1,497,500원","유통점·마트, 유통·판매 기타, 매장관리·판매, ",경기 수원시 영통구 영통로 514 (영통동) 홈플러스 익스프레스,http://www.albamon.com/list/gi/mon_gib_read.asp?AL_GI_No=59961104&mj_stat=0&optgf=
헤어다이아,무관,"월급 2,200,000원","헤어·미용·네일샵, 매장관리·판매, 캐셔·카운터, ",경기 수원시 영통구 영통동 959-4 다모아프라자 2층 헤어다이아,http://www.albamon.com/list/gi/mon_gib_read.asp?AL_GI_No=59957639&mj_stat=0&optgf=
이마트 물류센터,무관,"월급 4,000,000원","운송·이사, 택배·퀵서비스, 배달, ",경기 수원시 영통구 망포동 이마트 영통점,http://www.albamon.com/list/gi/mon_gib_read.asp?AL_GI_No=59940640&mj_stat=0&optgf=
이마트 물류센터,무관,"월급 4,000,000원","운송·이사, 택배·퀵서비스, 배달, ",경기 수원시 영통구 망포동 이마트 수원점,http://www.albamon.com/list/gi/mon_gib_read.asp?AL_GI_No=59940732&mj_stat=0&optgf=
글로리스타즈코리아,무관,"월급 3,000,000원","웹·모바일디자인, ","경기 수원시 영통구 반달로 21 (영통동, 매직프라자) 406",http://www.albamon.com/list/gi/mon_gib_read.asp?AL_GI_No=59952086&mj_stat=0&optgf=
쿠팡풀필먼트서비스 유한회사,무관,"월급 1,700,000원","입출고·창고관리, 포장·품질검사, 쇼핑몰·소셜커머스·홈쇼핑, ",경기도 이천시 마장면 덕평리 615번지 쿠팡덕평메가센터,http://www.albamon.com/list/gi/mon_gib_read.asp?AL_GI_No=59855173&mj_stat=0&optgf=
뷰 (모던bar),여자,"월급 3,200,000원","바(bar), ","경기 수원시 영통구 청명남로 32 (영통동, 월드프라자)401호 뷰",http://www.albamon.com/list/gi/mon_gib_read.asp?AL_GI_No=59863777&mj_stat=0&optgf=
글램글램BAR,여자,"월급 3,800,000원","바(bar), ",경기 수원시 영통구 청명남로34번길 12 (영통동) 2층,http://www.albamon.com/list/gi/mon_gib_read.asp?AL_GI_No=59863697&mj_stat=0&optgf=
살구마을어린이집,여자,"월급 594,870원","주방장·조리사, ","경기 수원시 영통구 봉영로 1526 (영통동, 살구골진덕,서광,성지,동아아파트) 706동101호",http://www.albamon.com/list/gi/mon_gib_read.asp?AL_GI_No=59949618&mj_stat=0&optgf=
㈜조앤푸드망포지점(포메인),무관,"시급 8,400원","레스토랑, 일반음식점, ",경기 수원시 영통구 망포동 322-3 골든스케어 1층 123호,http://www.albamon.com/list/gi/mon_gib_read.asp?AL_GI_No=59943918&mj_stat=0&optgf=
파티,여자,"월급 5,000,000원","바(bar), ",경기 수원시 영통구 영통동 974-7 3층,http://www.albamon.com/list/gi/mon_gib_read.asp?AL_GI_No=59943427&mj_stat=0&optgf=
연안식당 영통역점,무관,"월급 2,200,000원","일반음식점, 서빙, 주방보조·설거지, ","경기 수원시 영통구 봉영로 1590 (영통동, 밀레니엄프라자) 119호",http://www.albamon.com/list/gi/mon_gib_read.asp?AL_GI_No=59942366&mj_stat=0&optgf=
주말알바환영/드림BAR/친구동반가능,여자,"시급 20,000원","바(bar), ",경기 수원시 권선구 곡선로50번길 5-11 (곡반정동) 3층 드림BAR,http://www.albamon.com/list/gi/mon_gib_read.asp?AL_GI_No=59938063&mj_stat=0&optgf=
더스타,여자,"월급 4,500,000원","바(bar), ","경기 수원시 영통구 청명남로 30 (영통동, 거성빌딩) 602호 더스타",http://www.albamon.com/list/gi/mon_gib_read.asp?AL_GI_No=59933132&mj_stat=0&optgf=
만근수당/초보자가능/장기근무자/셔틀버스/교통비/매월연차,무관,"월급 1,900,000원","제조·가공·조립, 생산·건설·노무 기타, 입출고·창고관리, ",경기 용인시 기흥구 신갈동 379-5,http://www.albamon.com/list/gi/mon_gib_read.asp?AL_GI_No=59932667&mj_stat=0&optgf=
㈜두잉씨앤에스,남자,"월급 1,300,000원","유통점·마트, ","경기 수원시 영통구 봉영로 1576 (영통동, 영통홈플러스) 지하1층 미화/주차 사무실",http://www.albamon.com/list/gi/mon_gib_read.asp?AL_GI_No=59929153&mj_stat=0&optgf=
[신입평균 650만원 이상],무관,"월급 5,000,000원","화물·중장비·특수차, 택배·퀵서비스, 운송·이사, ",경기 수원시 영통구 영통동 1055 영통역,http://www.albamon.com/list/gi/mon_gib_read.asp?AL_GI_No=59921767&mj_stat=0&optgf=
에이치로지스 ( H로지스 ),남자,"월급 2,700,000원","대리운전·일반운전, ","경기 수원시 영통구 봉영로 1576 (영통동, 영통홈플러스) 지상4층 홈플러스주차장내",http://www.albamon.com/list/gi/mon_gib_read.asp?AL_GI_No=59926305&mj_stat=0&optgf=
CJ대한통운/롯데택배/한진택배,무관,"월급 5,000,000원","택배·퀵서비스, 화물·중장비·특수차, 운송·이사, ",경기도 수원시 영통구 영통동,http://www.albamon.com/list/gi/mon_gib_read.asp?AL_GI_No=59909890&mj_stat=0&optgf=
뷰 (모던bar),여자,"월급 3,200,000원","바(bar), ","경기 수원시 영통구 청명남로 32 (영통동, 월드프라자)401호 뷰",http://www.albamon.com/list/gi/mon_gib_read.asp?AL_GI_No=59863776&mj_stat=0&optgf=
글램글램BAR,여자,"월급 3,800,000원","바(bar), ",경기 수원시 영통구 청명남로34번길 12 (영통동) 2층,http://www.albamon.com/list/gi/mon_gib_read.asp?AL_GI_No=59863692&mj_stat=0&optgf=
